Network,Number of Swaps,Influence Team Strength,Correlation Team Strength,Number of PCs,PC1 Variance,Influence Team 1,Influence Team 2,PCA Team 1,PCA Team 2,Hamming Distance,Inv. Hamming Distance
PLU_000,0,0.18873616,0.439051427,7,0.769077324,NANOG;PIAS1;SOX2;SUMO1;LMCD1;ZIC3;PRDM14;KLF4;OCT4;Oct4-Sox2;PBX1;GATA4,SP3;FOXD3;TCF3;CEBP;FOXA1;GATA3;MYC-SP1;FOXA2;PIASy;MYC;CDX2;SP1;LEF1-bCat;SOX17;HNF4A;GATA6;BMP2K;NFYA;OCT4-FOXD3;LEF1;GATA2,PIAS1;GATA4;SP3;TCF3;CEBP;GATA3;FOXA2;PIASy;CDX2;LEF1-bCat;SOX17;HNF4A;GATA6;BMP2K;LEF1;GATA2,NANOG;SOX2;SUMO1;LMCD1;ZIC3;PRDM14;KLF4;OCT4;Oct4-Sox2;PBX1;FOXD3;FOXA1;MYC-SP1;MYC;SP1;NFYA;OCT4-FOXD3,0.696969697,0.303030303
PLU_001,100,0.105161311,0.21442397,14,0.486174172,NANOG;SOX2;ZIC3;PRDM14;KLF4;OCT4;Oct4-Sox2;PBX1;SP3;FOXD3;TCF3;CEBP;FOXA1;GATA3;MYC-SP1;FOXA2;PIASy;MYC;CDX2;SP1;LEF1-bCat;SOX17;HNF4A;GATA6;BMP2K;NFYA;OCT4-FOXD3;LEF1;GATA2,PIAS1;SUMO1;LMCD1;GATA4,PIAS1;GATA4;SP3;TCF3;CEBP;GATA3;FOXA2;PIASy;CDX2;LEF1-bCat;SOX17;HNF4A;GATA6;BMP2K;LEF1;GATA2,NANOG;SOX2;SUMO1;LMCD1;ZIC3;PRDM14;KLF4;OCT4;Oct4-Sox2;PBX1;FOXD3;FOXA1;MYC-SP1;MYC;SP1;NFYA;OCT4-FOXD3,0.515151515,0.484848485
PLU_002,100,0.058699582,0.183058823,12,0.329739482,NANOG;PIAS1;SUMO1;LMCD1;ZIC3;PRDM14;KLF4;PBX1;GATA4;GATA6,SOX2;OCT4;Oct4-Sox2;SP3;FOXD3;TCF3;CEBP;FOXA1;GATA3;MYC-SP1;FOXA2;PIASy;MYC;CDX2;SP1;LEF1-bCat;SOX17;HNF4A;BMP2K;NFYA;OCT4-FOXD3;LEF1;GATA2,PIAS1;GATA4;SP3;TCF3;CEBP;GATA3;FOXA2;PIASy;CDX2;LEF1-bCat;SOX17;HNF4A;GATA6;BMP2K;LEF1;GATA2,NANOG;SOX2;SUMO1;LMCD1;ZIC3;PRDM14;KLF4;OCT4;Oct4-Sox2;PBX1;FOXD3;FOXA1;MYC-SP1;MYC;SP1;NFYA;OCT4-FOXD3,0.636363636,0.363636364
PLU_003,100,0.022252004,0.229615724,15.66666667,0.371201346,NANOG;SOX2;ZIC3;PRDM14;KLF4;OCT4;Oct4-Sox2;PBX1;GATA4;SP3;FOXD3;TCF3;CEBP;FOXA1;GATA3;MYC-SP1;FOXA2;PIASy;MYC;CDX2;SP1;LEF1-bCat;SOX17;HNF4A;GATA6;BMP2K;NFYA;OCT4-FOXD3;LEF1;GATA2,PIAS1;SUMO1;LMCD1,PIAS1;GATA4;SP3;TCF3;CEBP;GATA3;FOXA2;PIASy;CDX2;LEF1-bCat;SOX17;HNF4A;GATA6;BMP2K;LEF1;GATA2,NANOG;SOX2;SUMO1;LMCD1;ZIC3;PRDM14;KLF4;OCT4;Oct4-Sox2;PBX1;FOXD3;FOXA1;MYC-SP1;MYC;SP1;NFYA;OCT4-FOXD3,0.515151515,0.484848485
PLU_004,100,0.068160619,0.250052474,15,0.263465085,NANOG;PRDM14;KLF4;PBX1;TCF3;CEBP;MYC-SP1;MYC;CDX2;SP1;LEF1,PIAS1;SOX2;SUMO1;LMCD1;ZIC3;OCT4;Oct4-Sox2;GATA4;SP3;FOXD3;FOXA1;GATA3;FOXA2;PIASy;LEF1-bCat;SOX17;HNF4A;GATA6;BMP2K;NFYA;OCT4-FOXD3;GATA2,PIAS1;GATA4;SP3;TCF3;CEBP;GATA3;FOXA2;PIASy;CDX2;LEF1-bCat;SOX17;HNF4A;GATA6;BMP2K;LEF1;GATA2,NANOG;SOX2;SUMO1;LMCD1;ZIC3;PRDM14;KLF4;OCT4;Oct4-Sox2;PBX1;FOXD3;FOXA1;MYC-SP1;MYC;SP1;NFYA;OCT4-FOXD3,0.757575758,0.242424242
PLU_005,100,0.174272747,0.272190995,12.33333333,0.471465674,NANOG;PIAS1;SUMO1;LMCD1;ZIC3;PBX1;GATA4;GATA6,SOX2;PRDM14;KLF4;OCT4;Oct4-Sox2;SP3;FOXD3;TCF3;CEBP;FOXA1;GATA3;MYC-SP1;FOXA2;PIASy;MYC;CDX2;SP1;LEF1-bCat;SOX17;HNF4A;BMP2K;NFYA;OCT4-FOXD3;LEF1;GATA2,PIAS1;GATA4;SP3;TCF3;CEBP;GATA3;FOXA2;PIASy;CDX2;LEF1-bCat;SOX17;HNF4A;GATA6;BMP2K;LEF1;GATA2,NANOG;SOX2;SUMO1;LMCD1;ZIC3;PRDM14;KLF4;OCT4;Oct4-Sox2;PBX1;FOXD3;FOXA1;MYC-SP1;MYC;SP1;NFYA;OCT4-FOXD3,0.696969697,0.303030303
PLU_006,100,0.092412821,0.344392393,14,0.414995527,NANOG;PIAS1;SOX2;LMCD1;KLF4;OCT4;Oct4-Sox2;PBX1;SP3;FOXD3;TCF3;CEBP;FOXA1;GATA3;MYC-SP1;FOXA2;PIASy;MYC;CDX2;SP1;LEF1-bCat;SOX17;HNF4A;GATA6;BMP2K;NFYA;OCT4-FOXD3;LEF1;GATA2,SUMO1;ZIC3;PRDM14;GATA4,PIAS1;GATA4;SP3;TCF3;CEBP;GATA3;FOXA2;PIASy;CDX2;LEF1-bCat;SOX17;HNF4A;GATA6;BMP2K;LEF1;GATA2,NANOG;SOX2;SUMO1;LMCD1;ZIC3;PRDM14;KLF4;OCT4;Oct4-Sox2;PBX1;FOXD3;FOXA1;MYC-SP1;MYC;SP1;NFYA;OCT4-FOXD3,0.454545455,0.545454545
PLU_007,100,0.04469678,0.180610452,15,0.350454184,NANOG;SOX2;ZIC3;PRDM14;OCT4;Oct4-Sox2;PBX1;FOXD3;FOXA1;FOXA2;CDX2;OCT4-FOXD3,PIAS1;SUMO1;LMCD1;KLF4;GATA4;SP3;TCF3;CEBP;GATA3;MYC-SP1;PIASy;MYC;SP1;LEF1-bCat;SOX17;HNF4A;GATA6;BMP2K;NFYA;LEF1;GATA2,PIAS1;GATA4;SP3;TCF3;CEBP;GATA3;FOXA2;PIASy;CDX2;LEF1-bCat;SOX17;HNF4A;GATA6;BMP2K;LEF1;GATA2,NANOG;SOX2;SUMO1;LMCD1;ZIC3;PRDM14;KLF4;OCT4;Oct4-Sox2;PBX1;FOXD3;FOXA1;MYC-SP1;MYC;SP1;NFYA;OCT4-FOXD3,0.303030303,0.696969697
PLU_008,100,0.045425424,0.166831668,16,0.269853458,NANOG;SOX2;SUMO1;ZIC3;KLF4;OCT4;Oct4-Sox2;PBX1;GATA4;SP3;FOXD3;TCF3;CEBP;FOXA1;GATA3;PIASy;HNF4A;GATA6;BMP2K;LEF1;GATA2,PIAS1;LMCD1;PRDM14;MYC-SP1;FOXA2;MYC;CDX2;SP1;LEF1-bCat;SOX17;NFYA;OCT4-FOXD3,PIAS1;GATA4;SP3;TCF3;CEBP;GATA3;FOXA2;PIASy;CDX2;LEF1-bCat;SOX17;HNF4A;GATA6;BMP2K;LEF1;GATA2,NANOG;SOX2;SUMO1;LMCD1;ZIC3;PRDM14;KLF4;OCT4;Oct4-Sox2;PBX1;FOXD3;FOXA1;MYC-SP1;MYC;SP1;NFYA;OCT4-FOXD3,0.606060606,0.393939394
PLU_009,100,0.030199344,0.157245502,16,0.406983686,NANOG;PIAS1;SOX2;SUMO1;LMCD1;ZIC3;PRDM14;KLF4;OCT4;Oct4-Sox2;GATA4;CDX2;GATA6,PBX1;SP3;FOXD3;TCF3;CEBP;FOXA1;GATA3;MYC-SP1;FOXA2;PIASy;MYC;SP1;LEF1-bCat;SOX17;HNF4A;BMP2K;NFYA;OCT4-FOXD3;LEF1;GATA2,PIAS1;GATA4;SP3;TCF3;CEBP;GATA3;FOXA2;PIASy;CDX2;LEF1-bCat;SOX17;HNF4A;GATA6;BMP2K;LEF1;GATA2,NANOG;SOX2;SUMO1;LMCD1;ZIC3;PRDM14;KLF4;OCT4;Oct4-Sox2;PBX1;FOXD3;FOXA1;MYC-SP1;MYC;SP1;NFYA;OCT4-FOXD3,0.424242424,0.575757576
PLU_010,100,0.066482061,0.323497118,15,0.338783449,NANOG;LMCD1;ZIC3;PRDM14;KLF4;PBX1;SP3;CEBP;MYC-SP1;MYC;SP1;LEF1-bCat;NFYA;LEF1,PIAS1;SOX2;SUMO1;OCT4;Oct4-Sox2;GATA4;FOXD3;TCF3;FOXA1;GATA3;FOXA2;PIASy;CDX2;SOX17;HNF4A;GATA6;BMP2K;OCT4-FOXD3;GATA2,PIAS1;GATA4;SP3;TCF3;CEBP;GATA3;FOXA2;PIASy;CDX2;LEF1-bCat;SOX17;HNF4A;GATA6;BMP2K;LEF1;GATA2,NANOG;SOX2;SUMO1;LMCD1;ZIC3;PRDM14;KLF4;OCT4;Oct4-Sox2;PBX1;FOXD3;FOXA1;MYC-SP1;MYC;SP1;NFYA;OCT4-FOXD3,0.575757576,0.424242424
PLU_011,100,0.032801445,0.194003596,13.66666667,0.394844376,NANOG;SOX2;ZIC3;KLF4;OCT4;Oct4-Sox2;PBX1;SP3;FOXD3;TCF3;CEBP;FOXA1;GATA3;MYC-SP1;FOXA2;PIASy;MYC;SP1;LEF1-bCat;SOX17;HNF4A;BMP2K;NFYA;OCT4-FOXD3;LEF1;GATA2,PIAS1;SUMO1;LMCD1;PRDM14;GATA4;CDX2;GATA6,PIAS1;GATA4;SP3;TCF3;CEBP;GATA3;FOXA2;PIASy;CDX2;LEF1-bCat;SOX17;HNF4A;GATA6;BMP2K;LEF1;GATA2,NANOG;SOX2;SUMO1;LMCD1;ZIC3;PRDM14;KLF4;OCT4;Oct4-Sox2;PBX1;FOXD3;FOXA1;MYC-SP1;MYC;SP1;NFYA;OCT4-FOXD3,0.484848485,0.515151515
PLU_012,100,0.235039285,0.194475262,15,0.28274549,NANOG;SOX2;SUMO1;LMCD1;ZIC3;PRDM14;KLF4;OCT4;Oct4-Sox2;PBX1;GATA4;SP3;FOXD3;TCF3;CEBP;FOXA1;GATA3;MYC-SP1;FOXA2;PIASy;MYC;CDX2;SP1;LEF1-bCat;SOX17;HNF4A;GATA6;BMP2K;NFYA;OCT4-FOXD3;LEF1;GATA2,PIAS1,PIAS1;GATA4;SP3;TCF3;CEBP;GATA3;FOXA2;PIASy;CDX2;LEF1-bCat;SOX17;HNF4A;GATA6;BMP2K;LEF1;GATA2,NANOG;SOX2;SUMO1;LMCD1;ZIC3;PRDM14;KLF4;OCT4;Oct4-Sox2;PBX1;FOXD3;FOXA1;MYC-SP1;MYC;SP1;NFYA;OCT4-FOXD3,0.606060606,0.393939394
PLU_013,100,0.118480759,0.277697327,10,0.667062323,NANOG;SOX2;LMCD1;PRDM14;KLF4;OCT4;Oct4-Sox2;GATA4;SP3;FOXD3;TCF3;CEBP;FOXA1;GATA3;MYC-SP1;FOXA2;PIASy;MYC;SP1;LEF1-bCat;SOX17;HNF4A;GATA6;BMP2K;NFYA;OCT4-FOXD3;LEF1;GATA2,PIAS1;SUMO1;ZIC3;PBX1;CDX2,PIAS1;GATA4;SP3;TCF3;CEBP;GATA3;FOXA2;PIASy;CDX2;LEF1-bCat;SOX17;HNF4A;GATA6;BMP2K;LEF1;GATA2,NANOG;SOX2;SUMO1;LMCD1;ZIC3;PRDM14;KLF4;OCT4;Oct4-Sox2;PBX1;FOXD3;FOXA1;MYC-SP1;MYC;SP1;NFYA;OCT4-FOXD3,0.666666667,0.333333333
PLU_014,100,0.075421414,0.23630588,14,0.359373138,NANOG;PIAS1;SUMO1;ZIC3;PRDM14;KLF4;Oct4-Sox2;PBX1;GATA4,SOX2;LMCD1;OCT4;SP3;FOXD3;TCF3;CEBP;FOXA1;GATA3;MYC-SP1;FOXA2;PIASy;MYC;CDX2;SP1;LEF1-bCat;SOX17;HNF4A;GATA6;BMP2K;NFYA;OCT4-FOXD3;LEF1;GATA2,PIAS1;GATA4;SP3;TCF3;CEBP;GATA3;FOXA2;PIASy;CDX2;LEF1-bCat;SOX17;HNF4A;GATA6;BMP2K;LEF1;GATA2,NANOG;SOX2;SUMO1;LMCD1;ZIC3;PRDM14;KLF4;OCT4;Oct4-Sox2;PBX1;FOXD3;FOXA1;MYC-SP1;MYC;SP1;NFYA;OCT4-FOXD3,0.424242424,0.575757576
PLU_015,100,0.023894834,0.23734812,15,0.417295666,NANOG;SOX2;LMCD1;ZIC3;PRDM14;OCT4;Oct4-Sox2;PBX1;SP3;FOXD3;TCF3;CEBP;FOXA1;GATA3;MYC-SP1;FOXA2;PIASy;MYC;SP1;LEF1-bCat;SOX17;HNF4A;BMP2K;NFYA;OCT4-FOXD3;LEF1;GATA2,PIAS1;SUMO1;KLF4;GATA4;CDX2;GATA6,PIAS1;GATA4;SP3;TCF3;CEBP;GATA3;FOXA2;PIASy;CDX2;LEF1-bCat;SOX17;HNF4A;GATA6;BMP2K;LEF1;GATA2,NANOG;SOX2;SUMO1;LMCD1;ZIC3;PRDM14;KLF4;OCT4;Oct4-Sox2;PBX1;FOXD3;FOXA1;MYC-SP1;MYC;SP1;NFYA;OCT4-FOXD3,0.454545455,0.545454545
PLU_016,100,0.03206589,0.272696947,15,0.354021719,NANOG;PIAS1;LMCD1;KLF4;GATA4;GATA6,SOX2;SUMO1;ZIC3;PRDM14;OCT4;Oct4-Sox2;PBX1;SP3;FOXD3;TCF3;CEBP;FOXA1;GATA3;MYC-SP1;FOXA2;PIASy;MYC;CDX2;SP1;LEF1-bCat;SOX17;HNF4A;BMP2K;NFYA;OCT4-FOXD3;LEF1;GATA2,PIAS1;GATA4;SP3;TCF3;CEBP;GATA3;FOXA2;PIASy;CDX2;LEF1-bCat;SOX17;HNF4A;GATA6;BMP2K;LEF1;GATA2,NANOG;SOX2;SUMO1;LMCD1;ZIC3;PRDM14;KLF4;OCT4;Oct4-Sox2;PBX1;FOXD3;FOXA1;MYC-SP1;MYC;SP1;NFYA;OCT4-FOXD3,0.303030303,0.696969697
PLU_017,100,0.13093152,0.244165067,13.66666667,0.457050251,NANOG;PIAS1;SOX2;SUMO1;LMCD1;ZIC3;PRDM14;KLF4;OCT4;Oct4-Sox2;PBX1;GATA4;SP3;FOXD3;TCF3;CEBP;FOXA1;GATA3;MYC-SP1;FOXA2;PIASy;MYC;SP1;LEF1-bCat;SOX17;HNF4A;GATA6;BMP2K;NFYA;OCT4-FOXD3;LEF1;GATA2,CDX2,PIAS1;GATA4;SP3;TCF3;CEBP;GATA3;FOXA2;PIASy;CDX2;LEF1-bCat;SOX17;HNF4A;GATA6;BMP2K;LEF1;GATA2,NANOG;SOX2;SUMO1;LMCD1;ZIC3;PRDM14;KLF4;OCT4;Oct4-Sox2;PBX1;FOXD3;FOXA1;MYC-SP1;MYC;SP1;NFYA;OCT4-FOXD3,0.484848485,0.515151515
PLU_018,100,0.163433691,0.203370434,11,0.636395418,NANOG;PIAS1;LMCD1;ZIC3;PRDM14;KLF4;OCT4;Oct4-Sox2;PBX1;GATA4;GATA6,SOX2;SUMO1;SP3;FOXD3;TCF3;CEBP;FOXA1;GATA3;MYC-SP1;FOXA2;PIASy;MYC;CDX2;SP1;LEF1-bCat;SOX17;HNF4A;BMP2K;NFYA;OCT4-FOXD3;LEF1;GATA2,PIAS1;GATA4;SP3;TCF3;CEBP;GATA3;FOXA2;PIASy;CDX2;LEF1-bCat;SOX17;HNF4A;GATA6;BMP2K;LEF1;GATA2,NANOG;SOX2;SUMO1;LMCD1;ZIC3;PRDM14;KLF4;OCT4;Oct4-Sox2;PBX1;FOXD3;FOXA1;MYC-SP1;MYC;SP1;NFYA;OCT4-FOXD3,0.424242424,0.575757576
PLU_019,100,0.050869904,0.305174685,13,0.455177932,NANOG;SOX2;SUMO1;LMCD1;ZIC3;OCT4;Oct4-Sox2;SP3;FOXD3;TCF3;CEBP;GATA3;MYC-SP1;FOXA2;PIASy;MYC;CDX2;SP1;LEF1-bCat;SOX17;HNF4A;BMP2K;NFYA;LEF1;GATA2,PIAS1;PRDM14;KLF4;PBX1;GATA4;FOXA1;GATA6;OCT4-FOXD3,PIAS1;GATA4;SP3;TCF3;CEBP;GATA3;FOXA2;PIASy;CDX2;LEF1-bCat;SOX17;HNF4A;GATA6;BMP2K;LEF1;GATA2,NANOG;SOX2;SUMO1;LMCD1;ZIC3;PRDM14;KLF4;OCT4;Oct4-Sox2;PBX1;FOXD3;FOXA1;MYC-SP1;MYC;SP1;NFYA;OCT4-FOXD3,0.272727273,0.727272727
PLU_020,100,0.032514514,0.199593945,13,0.448356656,NANOG;PIAS1;SOX2;LMCD1;ZIC3;KLF4;OCT4;Oct4-Sox2;PBX1;GATA4;SP3;FOXD3;TCF3;CEBP;FOXA1;GATA3;MYC-SP1;FOXA2;PIASy;MYC;CDX2;SP1;LEF1-bCat;SOX17;HNF4A;BMP2K;NFYA;OCT4-FOXD3;LEF1;GATA2,SUMO1;PRDM14;GATA6,PIAS1;GATA4;SP3;TCF3;CEBP;GATA3;FOXA2;PIASy;CDX2;LEF1-bCat;SOX17;HNF4A;GATA6;BMP2K;LEF1;GATA2,NANOG;SOX2;SUMO1;LMCD1;ZIC3;PRDM14;KLF4;OCT4;Oct4-Sox2;PBX1;FOXD3;FOXA1;MYC-SP1;MYC;SP1;NFYA;OCT4-FOXD3,0.484848485,0.515151515
PLU_021,100,0.034736477,0.262523845,15.33333333,0.292989141,NANOG;PIAS1;SOX2;SUMO1;LMCD1;ZIC3;KLF4;PBX1;GATA4;CDX2;NFYA,PRDM14;OCT4;Oct4-Sox2;SP3;FOXD3;TCF3;CEBP;FOXA1;GATA3;MYC-SP1;FOXA2;PIASy;MYC;SP1;LEF1-bCat;SOX17;HNF4A;GATA6;BMP2K;OCT4-FOXD3;LEF1;GATA2,PIAS1;GATA4;SP3;TCF3;CEBP;GATA3;FOXA2;PIASy;CDX2;LEF1-bCat;SOX17;HNF4A;GATA6;BMP2K;LEF1;GATA2,NANOG;SOX2;SUMO1;LMCD1;ZIC3;PRDM14;KLF4;OCT4;Oct4-Sox2;PBX1;FOXD3;FOXA1;MYC-SP1;MYC;SP1;NFYA;OCT4-FOXD3,0.484848485,0.515151515
PLU_022,100,0.051095195,0.182922512,16,0.34470853,NANOG;PIAS1;SUMO1;ZIC3;KLF4;PBX1;GATA4;GATA6,SOX2;LMCD1;PRDM14;OCT4;Oct4-Sox2;SP3;FOXD3;TCF3;CEBP;FOXA1;GATA3;MYC-SP1;FOXA2;PIASy;MYC;CDX2;SP1;LEF1-bCat;SOX17;HNF4A;BMP2K;NFYA;OCT4-FOXD3;LEF1;GATA2,PIAS1;GATA4;SP3;TCF3;CEBP;GATA3;FOXA2;PIASy;CDX2;LEF1-bCat;SOX17;HNF4A;GATA6;BMP2K;LEF1;GATA2,NANOG;SOX2;SUMO1;LMCD1;ZIC3;PRDM14;KLF4;OCT4;Oct4-Sox2;PBX1;FOXD3;FOXA1;MYC-SP1;MYC;SP1;NFYA;OCT4-FOXD3,0.363636364,0.636363636
PLU_023,100,0.024185043,0.160944822,14,0.278031829,NANOG;KLF4;PBX1;SP3;TCF3;CEBP;FOXA1;GATA3;MYC-SP1;PIASy;MYC;CDX2;SP1;LEF1-bCat;HNF4A;BMP2K;NFYA;LEF1;GATA2,PIAS1;SOX2;SUMO1;LMCD1;ZIC3;PRDM14;OCT4;Oct4-Sox2;GATA4;FOXD3;FOXA2;SOX17;GATA6;OCT4-FOXD3,PIAS1;GATA4;SP3;TCF3;CEBP;GATA3;FOXA2;PIASy;CDX2;LEF1-bCat;SOX17;HNF4A;GATA6;BMP2K;LEF1;GATA2,NANOG;SOX2;SUMO1;LMCD1;ZIC3;PRDM14;KLF4;OCT4;Oct4-Sox2;PBX1;FOXD3;FOXA1;MYC-SP1;MYC;SP1;NFYA;OCT4-FOXD3,0.666666667,0.333333333
PLU_024,100,0.0759555,0.323301174,12,0.542575216,NANOG;SOX2;ZIC3;KLF4;OCT4;Oct4-Sox2;PBX1;SP3;FOXD3;TCF3;CEBP;FOXA1;GATA3;MYC-SP1;FOXA2;PIASy;MYC;CDX2;SP1;LEF1-bCat;SOX17;HNF4A;GATA6;BMP2K;NFYA;OCT4-FOXD3;LEF1;GATA2,PIAS1;SUMO1;LMCD1;PRDM14;GATA4,PIAS1;GATA4;SP3;TCF3;CEBP;GATA3;FOXA2;PIASy;CDX2;LEF1-bCat;SOX17;HNF4A;GATA6;BMP2K;LEF1;GATA2,NANOG;SOX2;SUMO1;LMCD1;ZIC3;PRDM14;KLF4;OCT4;Oct4-Sox2;PBX1;FOXD3;FOXA1;MYC-SP1;MYC;SP1;NFYA;OCT4-FOXD3,0.393939394,0.606060606
PLU_025,100,0.096999745,0.230573915,15,0.369729823,NANOG;SOX2;SUMO1;LMCD1;ZIC3;PRDM14;KLF4;OCT4;Oct4-Sox2;PBX1;GATA4;FOXD3;FOXA1;GATA3;MYC-SP1;FOXA2;PIASy;MYC;CDX2;SP1;LEF1-bCat;SOX17;HNF4A;GATA6;BMP2K;OCT4-FOXD3;LEF1;GATA2,PIAS1;SP3;TCF3;CEBP;NFYA,PIAS1;GATA4;SP3;TCF3;CEBP;GATA3;FOXA2;PIASy;CDX2;LEF1-bCat;SOX17;HNF4A;GATA6;BMP2K;LEF1;GATA2,NANOG;SOX2;SUMO1;LMCD1;ZIC3;PRDM14;KLF4;OCT4;Oct4-Sox2;PBX1;FOXD3;FOXA1;MYC-SP1;MYC;SP1;NFYA;OCT4-FOXD3,0.454545455,0.545454545
PLU_026,100,0.030403689,0.279548547,13.33333333,0.471040853,NANOG;SOX2;SUMO1;KLF4;OCT4;Oct4-Sox2;PBX1;GATA4;SP3;FOXD3;TCF3;CEBP;FOXA1;GATA3;MYC-SP1;FOXA2;PIASy;MYC;SP1;LEF1-bCat;SOX17;HNF4A;BMP2K;NFYA;OCT4-FOXD3;LEF1;GATA2,PIAS1;LMCD1;ZIC3;PRDM14;CDX2;GATA6,PIAS1;GATA4;SP3;TCF3;CEBP;GATA3;FOXA2;PIASy;CDX2;LEF1-bCat;SOX17;HNF4A;GATA6;BMP2K;LEF1;GATA2,NANOG;SOX2;SUMO1;LMCD1;ZIC3;PRDM14;KLF4;OCT4;Oct4-Sox2;PBX1;FOXD3;FOXA1;MYC-SP1;MYC;SP1;NFYA;OCT4-FOXD3,0.393939394,0.606060606
PLU_027,100,0.232256788,0.176171054,14,0.478950576,NANOG;SOX2;SUMO1;LMCD1;ZIC3;PRDM14;KLF4;OCT4;Oct4-Sox2;PBX1;GATA4;SP3;FOXD3;TCF3;CEBP;FOXA1;GATA3;MYC-SP1;FOXA2;PIASy;MYC;CDX2;SP1;LEF1-bCat;SOX17;HNF4A;GATA6;BMP2K;NFYA;OCT4-FOXD3;LEF1;GATA2,PIAS1,PIAS1;GATA4;SP3;TCF3;CEBP;GATA3;FOXA2;PIASy;CDX2;LEF1-bCat;SOX17;HNF4A;GATA6;BMP2K;LEF1;GATA2,NANOG;SOX2;SUMO1;LMCD1;ZIC3;PRDM14;KLF4;OCT4;Oct4-Sox2;PBX1;FOXD3;FOXA1;MYC-SP1;MYC;SP1;NFYA;OCT4-FOXD3,0.181818182,0.818181818
PLU_028,100,0.031646089,0.270708717,15,0.463807775,NANOG;SOX2;ZIC3;PRDM14;KLF4;OCT4;Oct4-Sox2;SP3;FOXD3;TCF3;CEBP;GATA3;MYC-SP1;FOXA2;PIASy;MYC;SP1;LEF1-bCat;SOX17;HNF4A;GATA6;BMP2K;NFYA;LEF1;GATA2,PIAS1;SUMO1;LMCD1;PBX1;GATA4;FOXA1;CDX2;OCT4-FOXD3,PIAS1;GATA4;SP3;TCF3;CEBP;GATA3;FOXA2;PIASy;CDX2;LEF1-bCat;SOX17;HNF4A;GATA6;BMP2K;LEF1;GATA2,NANOG;SOX2;SUMO1;LMCD1;ZIC3;PRDM14;KLF4;OCT4;Oct4-Sox2;PBX1;FOXD3;FOXA1;MYC-SP1;MYC;SP1;NFYA;OCT4-FOXD3,0.484848485,0.515151515
PLU_029,100,0.230368691,0.126908116,17,0.275028526,NANOG;SOX2;SUMO1;LMCD1;ZIC3;PRDM14;KLF4;OCT4;Oct4-Sox2;PBX1;GATA4;SP3;FOXD3;TCF3;CEBP;FOXA1;GATA3;MYC-SP1;FOXA2;PIASy;MYC;CDX2;SP1;LEF1-bCat;SOX17;HNF4A;GATA6;BMP2K;NFYA;OCT4-FOXD3;LEF1;GATA2,PIAS1,PIAS1;GATA4;SP3;TCF3;CEBP;GATA3;FOXA2;PIASy;CDX2;LEF1-bCat;SOX17;HNF4A;GATA6;BMP2K;LEF1;GATA2,NANOG;SOX2;SUMO1;LMCD1;ZIC3;PRDM14;KLF4;OCT4;Oct4-Sox2;PBX1;FOXD3;FOXA1;MYC-SP1;MYC;SP1;NFYA;OCT4-FOXD3,0.151515152,0.848484848
PLU_030,100,0.036631117,0.199365011,14,0.393393439,NANOG;PIAS1;SOX2;SUMO1;ZIC3;PRDM14;KLF4;Oct4-Sox2;GATA4;GATA6,LMCD1;OCT4;PBX1;SP3;FOXD3;TCF3;CEBP;FOXA1;GATA3;MYC-SP1;FOXA2;PIASy;MYC;CDX2;SP1;LEF1-bCat;SOX17;HNF4A;BMP2K;NFYA;OCT4-FOXD3;LEF1;GATA2,PIAS1;GATA4;SP3;TCF3;CEBP;GATA3;FOXA2;PIASy;CDX2;LEF1-bCat;SOX17;HNF4A;GATA6;BMP2K;LEF1;GATA2,NANOG;SOX2;SUMO1;LMCD1;ZIC3;PRDM14;KLF4;OCT4;Oct4-Sox2;PBX1;FOXD3;FOXA1;MYC-SP1;MYC;SP1;NFYA;OCT4-FOXD3,0.454545455,0.545454545
PLU_031,100,0.031049671,0.148473468,16,0.254279837,NANOG;SOX2;ZIC3;PRDM14;OCT4;Oct4-Sox2;FOXD3;TCF3;CEBP;FOXA1;GATA3;FOXA2;PIASy;CDX2;SP1;SOX17;HNF4A;BMP2K;NFYA;OCT4-FOXD3;GATA2,PIAS1;SUMO1;LMCD1;KLF4;PBX1;GATA4;SP3;MYC-SP1;MYC;LEF1-bCat;GATA6;LEF1,PIAS1;GATA4;SP3;TCF3;CEBP;GATA3;FOXA2;PIASy;CDX2;LEF1-bCat;SOX17;HNF4A;GATA6;BMP2K;LEF1;GATA2,NANOG;SOX2;SUMO1;LMCD1;ZIC3;PRDM14;KLF4;OCT4;Oct4-Sox2;PBX1;FOXD3;FOXA1;MYC-SP1;MYC;SP1;NFYA;OCT4-FOXD3,0.333333333,0.666666667
PLU_032,100,0.089481821,0.308570954,14,0.470563997,NANOG;LMCD1;KLF4;OCT4;Oct4-Sox2;PBX1;CDX2,PIAS1;SOX2;SUMO1;ZIC3;PRDM14;GATA4;SP3;FOXD3;TCF3;CEBP;FOXA1;GATA3;MYC-SP1;FOXA2;PIASy;MYC;SP1;LEF1-bCat;SOX17;HNF4A;GATA6;BMP2K;NFYA;OCT4-FOXD3;LEF1;GATA2,PIAS1;GATA4;SP3;TCF3;CEBP;GATA3;FOXA2;PIASy;CDX2;LEF1-bCat;SOX17;HNF4A;GATA6;BMP2K;LEF1;GATA2,NANOG;SOX2;SUMO1;LMCD1;ZIC3;PRDM14;KLF4;OCT4;Oct4-Sox2;PBX1;FOXD3;FOXA1;MYC-SP1;MYC;SP1;NFYA;OCT4-FOXD3,0.181818182,0.818181818
PLU_033,100,0.034928479,0.251917365,15,0.413784098,NANOG;PIAS1;LMCD1;ZIC3;PRDM14;GATA4;GATA6,SOX2;SUMO1;KLF4;OCT4;Oct4-Sox2;PBX1;SP3;FOXD3;TCF3;CEBP;FOXA1;GATA3;MYC-SP1;FOXA2;PIASy;MYC;CDX2;SP1;LEF1-bCat;SOX17;HNF4A;BMP2K;NFYA;OCT4-FOXD3;LEF1;GATA2,PIAS1;GATA4;SP3;TCF3;CEBP;GATA3;FOXA2;PIASy;CDX2;LEF1-bCat;SOX17;HNF4A;GATA6;BMP2K;LEF1;GATA2,NANOG;SOX2;SUMO1;LMCD1;ZIC3;PRDM14;KLF4;OCT4;Oct4-Sox2;PBX1;FOXD3;FOXA1;MYC-SP1;MYC;SP1;NFYA;OCT4-FOXD3,0.454545455,0.545454545
PLU_034,100,0.030326879,0.237092582,14,0.530973903,NANOG;PIAS1;SOX2;SUMO1;LMCD1;ZIC3;KLF4;Oct4-Sox2;GATA4;GATA6,PRDM14;OCT4;PBX1;SP3;FOXD3;TCF3;CEBP;FOXA1;GATA3;MYC-SP1;FOXA2;PIASy;MYC;CDX2;SP1;LEF1-bCat;SOX17;HNF4A;BMP2K;NFYA;OCT4-FOXD3;LEF1;GATA2,PIAS1;GATA4;SP3;TCF3;CEBP;GATA3;FOXA2;PIASy;CDX2;LEF1-bCat;SOX17;HNF4A;GATA6;BMP2K;LEF1;GATA2,NANOG;SOX2;SUMO1;LMCD1;ZIC3;PRDM14;KLF4;OCT4;Oct4-Sox2;PBX1;FOXD3;FOXA1;MYC-SP1;MYC;SP1;NFYA;OCT4-FOXD3,0.575757576,0.424242424
PLU_035,100,0.065344917,0.328460316,12,0.576884753,NANOG;SOX2;LMCD1;KLF4;OCT4;Oct4-Sox2;GATA6,PIAS1;SUMO1;ZIC3;PRDM14;PBX1;GATA4;SP3;FOXD3;TCF3;CEBP;FOXA1;GATA3;MYC-SP1;FOXA2;PIASy;MYC;CDX2;SP1;LEF1-bCat;SOX17;HNF4A;BMP2K;NFYA;OCT4-FOXD3;LEF1;GATA2,PIAS1;GATA4;SP3;TCF3;CEBP;GATA3;FOXA2;PIASy;CDX2;LEF1-bCat;SOX17;HNF4A;GATA6;BMP2K;LEF1;GATA2,NANOG;SOX2;SUMO1;LMCD1;ZIC3;PRDM14;KLF4;OCT4;Oct4-Sox2;PBX1;FOXD3;FOXA1;MYC-SP1;MYC;SP1;NFYA;OCT4-FOXD3,0.424242424,0.575757576
PLU_036,100,0.021006064,0.190422938,17,0.340929754,NANOG;SOX2;LMCD1;ZIC3;PRDM14;KLF4;OCT4;Oct4-Sox2;PBX1;SP3;FOXD3;TCF3;CEBP;GATA3;MYC-SP1;FOXA2;PIASy;MYC;SP1;LEF1-bCat;SOX17;HNF4A;GATA6;BMP2K;NFYA;OCT4-FOXD3;LEF1;GATA2,PIAS1;SUMO1;GATA4;FOXA1;CDX2,PIAS1;GATA4;SP3;TCF3;CEBP;GATA3;FOXA2;PIASy;CDX2;LEF1-bCat;SOX17;HNF4A;GATA6;BMP2K;LEF1;GATA2,NANOG;SOX2;SUMO1;LMCD1;ZIC3;PRDM14;KLF4;OCT4;Oct4-Sox2;PBX1;FOXD3;FOXA1;MYC-SP1;MYC;SP1;NFYA;OCT4-FOXD3,0.515151515,0.484848485
PLU_037,100,0.016421127,0.196848131,16,0.37926865,NANOG;PIAS1;SOX2;SUMO1;ZIC3;PRDM14;OCT4;Oct4-Sox2;PBX1;GATA4;SP3;FOXD3;TCF3;CEBP;FOXA1;GATA3;MYC-SP1;FOXA2;PIASy;MYC;CDX2;SP1;LEF1-bCat;SOX17;HNF4A;GATA6;BMP2K;NFYA;LEF1;GATA2,LMCD1;KLF4;OCT4-FOXD3,PIAS1;GATA4;SP3;TCF3;CEBP;GATA3;FOXA2;PIASy;CDX2;LEF1-bCat;SOX17;HNF4A;GATA6;BMP2K;LEF1;GATA2,NANOG;SOX2;SUMO1;LMCD1;ZIC3;PRDM14;KLF4;OCT4;Oct4-Sox2;PBX1;FOXD3;FOXA1;MYC-SP1;MYC;SP1;NFYA;OCT4-FOXD3,0.393939394,0.606060606
PLU_038,100,0.078432953,0.15668503,14,0.424283438,NANOG;PIAS1;SUMO1;LMCD1;ZIC3;PRDM14;KLF4;PBX1;GATA4;SP3;FOXD3;TCF3;FOXA1;GATA3;MYC-SP1;FOXA2;PIASy;MYC;SP1;LEF1-bCat;SOX17;HNF4A;GATA6;BMP2K;LEF1;GATA2,SOX2;OCT4;Oct4-Sox2;CEBP;CDX2;NFYA;OCT4-FOXD3,PIAS1;GATA4;SP3;TCF3;CEBP;GATA3;FOXA2;PIASy;CDX2;LEF1-bCat;SOX17;HNF4A;GATA6;BMP2K;LEF1;GATA2,NANOG;SOX2;SUMO1;LMCD1;ZIC3;PRDM14;KLF4;OCT4;Oct4-Sox2;PBX1;FOXD3;FOXA1;MYC-SP1;MYC;SP1;NFYA;OCT4-FOXD3,0.363636364,0.636363636
PLU_039,100,0.018810535,0.237781708,16,0.398783781,NANOG;SOX2;LMCD1;ZIC3;PRDM14;KLF4;OCT4;Oct4-Sox2;PBX1;SP3;FOXD3;TCF3;CEBP;FOXA1;GATA3;MYC-SP1;FOXA2;PIASy;MYC;CDX2;SP1;LEF1-bCat;SOX17;HNF4A;BMP2K;NFYA;LEF1;GATA2,PIAS1;SUMO1;GATA4;GATA6;OCT4-FOXD3,PIAS1;GATA4;SP3;TCF3;CEBP;GATA3;FOXA2;PIASy;CDX2;LEF1-bCat;SOX17;HNF4A;GATA6;BMP2K;LEF1;GATA2,NANOG;SOX2;SUMO1;LMCD1;ZIC3;PRDM14;KLF4;OCT4;Oct4-Sox2;PBX1;FOXD3;FOXA1;MYC-SP1;MYC;SP1;NFYA;OCT4-FOXD3,0.515151515,0.484848485
PLU_040,100,0.05761917,0.228754382,15,0.378901946,NANOG;PIAS1;SOX2;LMCD1;ZIC3;PRDM14;KLF4;PBX1;GATA6,SUMO1;OCT4;Oct4-Sox2;GATA4;SP3;FOXD3;TCF3;CEBP;FOXA1;GATA3;MYC-SP1;FOXA2;PIASy;MYC;CDX2;SP1;LEF1-bCat;SOX17;HNF4A;BMP2K;NFYA;OCT4-FOXD3;LEF1;GATA2,PIAS1;GATA4;SP3;TCF3;CEBP;GATA3;FOXA2;PIASy;CDX2;LEF1-bCat;SOX17;HNF4A;GATA6;BMP2K;LEF1;GATA2,NANOG;SOX2;SUMO1;LMCD1;ZIC3;PRDM14;KLF4;OCT4;Oct4-Sox2;PBX1;FOXD3;FOXA1;MYC-SP1;MYC;SP1;NFYA;OCT4-FOXD3,0.424242424,0.575757576
PLU_041,100,0.013350772,0.129312324,17,0.285598159,NANOG;PIAS1;SOX2;SUMO1;LMCD1;ZIC3;PRDM14;KLF4;OCT4;Oct4-Sox2;PBX1;GATA4;SP3;FOXD3;TCF3;CEBP;FOXA1;GATA3;MYC-SP1;FOXA2;PIASy;MYC;CDX2;SP1;LEF1-bCat;HNF4A;GATA6;BMP2K;NFYA;LEF1;GATA2,SOX17;OCT4-FOXD3,PIAS1;GATA4;SP3;TCF3;CEBP;GATA3;FOXA2;PIASy;CDX2;LEF1-bCat;SOX17;HNF4A;GATA6;BMP2K;LEF1;GATA2,NANOG;SOX2;SUMO1;LMCD1;ZIC3;PRDM14;KLF4;OCT4;Oct4-Sox2;PBX1;FOXD3;FOXA1;MYC-SP1;MYC;SP1;NFYA;OCT4-FOXD3,0.454545455,0.545454545
PLU_042,100,0.094319644,0.285153858,13,0.512028739,NANOG;SOX2;ZIC3;KLF4;OCT4;Oct4-Sox2;PBX1;SP3;FOXD3;TCF3;CEBP;FOXA1;GATA3;MYC-SP1;FOXA2;PIASy;MYC;CDX2;SP1;LEF1-bCat;SOX17;HNF4A;GATA6;BMP2K;NFYA;OCT4-FOXD3;LEF1;GATA2,PIAS1;SUMO1;LMCD1;PRDM14;GATA4,PIAS1;GATA4;SP3;TCF3;CEBP;GATA3;FOXA2;PIASy;CDX2;LEF1-bCat;SOX17;HNF4A;GATA6;BMP2K;LEF1;GATA2,NANOG;SOX2;SUMO1;LMCD1;ZIC3;PRDM14;KLF4;OCT4;Oct4-Sox2;PBX1;FOXD3;FOXA1;MYC-SP1;MYC;SP1;NFYA;OCT4-FOXD3,0.333333333,0.666666667
PLU_043,100,0.097298955,0.191743006,11,0.534967806,NANOG;SOX2;SUMO1;ZIC3;OCT4;Oct4-Sox2;PBX1;SP3;FOXD3;TCF3;CEBP;FOXA1;GATA3;MYC-SP1;FOXA2;PIASy;MYC;CDX2;SP1;LEF1-bCat;SOX17;HNF4A;GATA6;BMP2K;NFYA;OCT4-FOXD3;LEF1;GATA2,PIAS1;LMCD1;PRDM14;KLF4;GATA4,PIAS1;GATA4;SP3;TCF3;CEBP;GATA3;FOXA2;PIASy;CDX2;LEF1-bCat;SOX17;HNF4A;GATA6;BMP2K;LEF1;GATA2,NANOG;SOX2;SUMO1;LMCD1;ZIC3;PRDM14;KLF4;OCT4;Oct4-Sox2;PBX1;FOXD3;FOXA1;MYC-SP1;MYC;SP1;NFYA;OCT4-FOXD3,0.575757576,0.424242424
PLU_044,100,0.089772811,0.180224578,15,0.278213428,NANOG;SOX2;LMCD1;ZIC3;PRDM14;KLF4;OCT4;Oct4-Sox2;PBX1;SP3;FOXD3;TCF3;CEBP;FOXA1;GATA3;MYC-SP1;FOXA2;PIASy;MYC;CDX2;SP1;LEF1-bCat;SOX17;HNF4A;GATA6;BMP2K;NFYA;OCT4-FOXD3;LEF1;GATA2,PIAS1;SUMO1;GATA4,PIAS1;GATA4;SP3;TCF3;CEBP;GATA3;FOXA2;PIASy;CDX2;LEF1-bCat;SOX17;HNF4A;GATA6;BMP2K;LEF1;GATA2,NANOG;SOX2;SUMO1;LMCD1;ZIC3;PRDM14;KLF4;OCT4;Oct4-Sox2;PBX1;FOXD3;FOXA1;MYC-SP1;MYC;SP1;NFYA;OCT4-FOXD3,0.363636364,0.636363636
PLU_045,100,0.012683371,0.219874743,17,0.310790036,NANOG;PIAS1;SUMO1;LMCD1;ZIC3;PRDM14;Oct4-Sox2;PBX1;GATA4;FOXA1;FOXA2;SOX17;GATA6,SOX2;KLF4;OCT4;SP3;FOXD3;TCF3;CEBP;GATA3;MYC-SP1;PIASy;MYC;CDX2;SP1;LEF1-bCat;HNF4A;BMP2K;NFYA;OCT4-FOXD3;LEF1;GATA2,PIAS1;GATA4;SP3;TCF3;CEBP;GATA3;FOXA2;PIASy;CDX2;LEF1-bCat;SOX17;HNF4A;GATA6;BMP2K;LEF1;GATA2,NANOG;SOX2;SUMO1;LMCD1;ZIC3;PRDM14;KLF4;OCT4;Oct4-Sox2;PBX1;FOXD3;FOXA1;MYC-SP1;MYC;SP1;NFYA;OCT4-FOXD3,0.636363636,0.363636364
PLU_046,100,0.099348257,0.166620602,14,0.460645613,NANOG;PIAS1;SOX2;ZIC3;PRDM14;OCT4;PBX1;GATA6,SUMO1;LMCD1;KLF4;Oct4-Sox2;GATA4;SP3;FOXD3;TCF3;CEBP;FOXA1;GATA3;MYC-SP1;FOXA2;PIASy;MYC;CDX2;SP1;LEF1-bCat;SOX17;HNF4A;BMP2K;NFYA;OCT4-FOXD3;LEF1;GATA2,PIAS1;GATA4;SP3;TCF3;CEBP;GATA3;FOXA2;PIASy;CDX2;LEF1-bCat;SOX17;HNF4A;GATA6;BMP2K;LEF1;GATA2,NANOG;SOX2;SUMO1;LMCD1;ZIC3;PRDM14;KLF4;OCT4;Oct4-Sox2;PBX1;FOXD3;FOXA1;MYC-SP1;MYC;SP1;NFYA;OCT4-FOXD3,0.515151515,0.484848485
PLU_047,100,0.053076446,0.305364796,13,0.521502037,NANOG;SUMO1;ZIC3;PRDM14;OCT4;Oct4-Sox2;PBX1;GATA4;FOXD3;CDX2;OCT4-FOXD3,PIAS1;SOX2;LMCD1;KLF4;SP3;TCF3;CEBP;FOXA1;GATA3;MYC-SP1;FOXA2;PIASy;MYC;SP1;LEF1-bCat;SOX17;HNF4A;GATA6;BMP2K;NFYA;LEF1;GATA2,PIAS1;GATA4;SP3;TCF3;CEBP;GATA3;FOXA2;PIASy;CDX2;LEF1-bCat;SOX17;HNF4A;GATA6;BMP2K;LEF1;GATA2,NANOG;SOX2;SUMO1;LMCD1;ZIC3;PRDM14;KLF4;OCT4;Oct4-Sox2;PBX1;FOXD3;FOXA1;MYC-SP1;MYC;SP1;NFYA;OCT4-FOXD3,0.636363636,0.363636364
PLU_048,100,0.017882667,0.197367136,15,0.380484519,NANOG;PIAS1;SOX2;SUMO1;LMCD1;ZIC3;PRDM14;KLF4;OCT4;Oct4-Sox2;PBX1;GATA4;SP3;FOXD3;TCF3;CEBP;FOXA1;GATA3;MYC-SP1;FOXA2;PIASy;MYC;CDX2;SP1;LEF1-bCat;HNF4A;GATA6;BMP2K;NFYA;LEF1;GATA2,SOX17;OCT4-FOXD3,PIAS1;GATA4;SP3;TCF3;CEBP;GATA3;FOXA2;PIASy;CDX2;LEF1-bCat;SOX17;HNF4A;GATA6;BMP2K;LEF1;GATA2,NANOG;SOX2;SUMO1;LMCD1;ZIC3;PRDM14;KLF4;OCT4;Oct4-Sox2;PBX1;FOXD3;FOXA1;MYC-SP1;MYC;SP1;NFYA;OCT4-FOXD3,0.606060606,0.393939394
PLU_049,100,0.228763331,0.127769764,15,0.298254127,NANOG;SOX2;SUMO1;LMCD1;ZIC3;PRDM14;KLF4;OCT4;Oct4-Sox2;PBX1;GATA4;SP3;FOXD3;TCF3;CEBP;FOXA1;GATA3;MYC-SP1;FOXA2;PIASy;MYC;CDX2;SP1;LEF1-bCat;SOX17;HNF4A;GATA6;BMP2K;NFYA;OCT4-FOXD3;LEF1;GATA2,PIAS1,PIAS1;GATA4;SP3;TCF3;CEBP;GATA3;FOXA2;PIASy;CDX2;LEF1-bCat;SOX17;HNF4A;GATA6;BMP2K;LEF1;GATA2,NANOG;SOX2;SUMO1;LMCD1;ZIC3;PRDM14;KLF4;OCT4;Oct4-Sox2;PBX1;FOXD3;FOXA1;MYC-SP1;MYC;SP1;NFYA;OCT4-FOXD3,0.363636364,0.636363636
PLU_050,100,0.075651654,0.246424041,15,0.395972685,NANOG;PIAS1;SUMO1;LMCD1;ZIC3;KLF4;Oct4-Sox2;PBX1;GATA4;GATA6,SOX2;PRDM14;OCT4;SP3;FOXD3;TCF3;CEBP;FOXA1;GATA3;MYC-SP1;FOXA2;PIASy;MYC;CDX2;SP1;LEF1-bCat;SOX17;HNF4A;BMP2K;NFYA;OCT4-FOXD3;LEF1;GATA2,PIAS1;GATA4;SP3;TCF3;CEBP;GATA3;FOXA2;PIASy;CDX2;LEF1-bCat;SOX17;HNF4A;GATA6;BMP2K;LEF1;GATA2,NANOG;SOX2;SUMO1;LMCD1;ZIC3;PRDM14;KLF4;OCT4;Oct4-Sox2;PBX1;FOXD3;FOXA1;MYC-SP1;MYC;SP1;NFYA;OCT4-FOXD3,0.303030303,0.696969697
PLU_051,100,0.258245326,0.259996747,16.33333333,0.256572751,NANOG;SOX2;SUMO1;LMCD1;ZIC3;PRDM14;KLF4;OCT4;Oct4-Sox2;PBX1;GATA4;SP3;FOXD3;TCF3;CEBP;FOXA1;GATA3;MYC-SP1;FOXA2;PIASy;MYC;CDX2;SP1;LEF1-bCat;SOX17;HNF4A;GATA6;BMP2K;NFYA;OCT4-FOXD3;LEF1;GATA2,PIAS1,PIAS1;GATA4;SP3;TCF3;CEBP;GATA3;FOXA2;PIASy;CDX2;LEF1-bCat;SOX17;HNF4A;GATA6;BMP2K;LEF1;GATA2,NANOG;SOX2;SUMO1;LMCD1;ZIC3;PRDM14;KLF4;OCT4;Oct4-Sox2;PBX1;FOXD3;FOXA1;MYC-SP1;MYC;SP1;NFYA;OCT4-FOXD3,0.363636364,0.636363636
PLU_052,100,0.03864547,0.320968297,13,0.484956617,NANOG;PIAS1;SOX2;SUMO1;ZIC3;KLF4;OCT4;Oct4-Sox2;PBX1;GATA4;SP3;FOXD3;TCF3;CEBP;FOXA1;GATA3;MYC-SP1;FOXA2;PIASy;MYC;CDX2;SP1;LEF1-bCat;SOX17;HNF4A;GATA6;BMP2K;NFYA;OCT4-FOXD3;LEF1;GATA2,LMCD1;PRDM14,PIAS1;GATA4;SP3;TCF3;CEBP;GATA3;FOXA2;PIASy;CDX2;LEF1-bCat;SOX17;HNF4A;GATA6;BMP2K;LEF1;GATA2,NANOG;SOX2;SUMO1;LMCD1;ZIC3;PRDM14;KLF4;OCT4;Oct4-Sox2;PBX1;FOXD3;FOXA1;MYC-SP1;MYC;SP1;NFYA;OCT4-FOXD3,0.454545455,0.545454545
PLU_053,100,0.063415678,0.388855657,12,0.571435062,NANOG;SOX2;SUMO1;LMCD1;ZIC3;KLF4;OCT4;Oct4-Sox2;SP3;FOXD3;TCF3;CEBP;FOXA1;GATA3;MYC-SP1;FOXA2;PIASy;MYC;SP1;LEF1-bCat;SOX17;HNF4A;BMP2K;NFYA;OCT4-FOXD3;LEF1;GATA2,PIAS1;PRDM14;PBX1;GATA4;CDX2;GATA6,PIAS1;GATA4;SP3;TCF3;CEBP;GATA3;FOXA2;PIASy;CDX2;LEF1-bCat;SOX17;HNF4A;GATA6;BMP2K;LEF1;GATA2,NANOG;SOX2;SUMO1;LMCD1;ZIC3;PRDM14;KLF4;OCT4;Oct4-Sox2;PBX1;FOXD3;FOXA1;MYC-SP1;MYC;SP1;NFYA;OCT4-FOXD3,0.636363636,0.363636364
PLU_054,100,0.22853348,0.305781899,17,0.35336979,NANOG;SOX2;SUMO1;LMCD1;ZIC3;PRDM14;KLF4;OCT4;Oct4-Sox2;PBX1;GATA4;SP3;FOXD3;TCF3;CEBP;FOXA1;GATA3;MYC-SP1;FOXA2;PIASy;MYC;CDX2;SP1;LEF1-bCat;SOX17;HNF4A;GATA6;BMP2K;NFYA;OCT4-FOXD3;LEF1;GATA2,PIAS1,PIAS1;GATA4;SP3;TCF3;CEBP;GATA3;FOXA2;PIASy;CDX2;LEF1-bCat;SOX17;HNF4A;GATA6;BMP2K;LEF1;GATA2,NANOG;SOX2;SUMO1;LMCD1;ZIC3;PRDM14;KLF4;OCT4;Oct4-Sox2;PBX1;FOXD3;FOXA1;MYC-SP1;MYC;SP1;NFYA;OCT4-FOXD3,0.181818182,0.818181818
PLU_055,100,0.014592357,0.224700392,15,0.380911147,NANOG;SUMO1;PRDM14;KLF4;OCT4;Oct4-Sox2;PBX1;GATA4;FOXD3;OCT4-FOXD3,PIAS1;SOX2;LMCD1;ZIC3;SP3;TCF3;CEBP;FOXA1;GATA3;MYC-SP1;FOXA2;PIASy;MYC;CDX2;SP1;LEF1-bCat;SOX17;HNF4A;GATA6;BMP2K;NFYA;LEF1;GATA2,PIAS1;GATA4;SP3;TCF3;CEBP;GATA3;FOXA2;PIASy;CDX2;LEF1-bCat;SOX17;HNF4A;GATA6;BMP2K;LEF1;GATA2,NANOG;SOX2;SUMO1;LMCD1;ZIC3;PRDM14;KLF4;OCT4;Oct4-Sox2;PBX1;FOXD3;FOXA1;MYC-SP1;MYC;SP1;NFYA;OCT4-FOXD3,0.545454545,0.454545455
PLU_056,100,0.069926861,0.215803382,15.66666667,0.384089882,NANOG;PIAS1;SUMO1;LMCD1;ZIC3;KLF4;PBX1;GATA4,SOX2;PRDM14;OCT4;Oct4-Sox2;SP3;FOXD3;TCF3;CEBP;FOXA1;GATA3;MYC-SP1;FOXA2;PIASy;MYC;CDX2;SP1;LEF1-bCat;SOX17;HNF4A;GATA6;BMP2K;NFYA;OCT4-FOXD3;LEF1;GATA2,PIAS1;GATA4;SP3;TCF3;CEBP;GATA3;FOXA2;PIASy;CDX2;LEF1-bCat;SOX17;HNF4A;GATA6;BMP2K;LEF1;GATA2,NANOG;SOX2;SUMO1;LMCD1;ZIC3;PRDM14;KLF4;OCT4;Oct4-Sox2;PBX1;FOXD3;FOXA1;MYC-SP1;MYC;SP1;NFYA;OCT4-FOXD3,0.484848485,0.515151515
PLU_057,100,0.059946699,0.158170704,14,0.334791606,NANOG;PIAS1;SOX2;LMCD1;ZIC3;PRDM14;KLF4;OCT4;Oct4-Sox2;PBX1;GATA4;SP3;FOXD3;TCF3;CEBP;FOXA1;GATA3;MYC-SP1;FOXA2;PIASy;MYC;CDX2;SP1;SOX17;HNF4A;GATA6;BMP2K;OCT4-FOXD3;GATA2,SUMO1;LEF1-bCat;NFYA;LEF1,PIAS1;GATA4;SP3;TCF3;CEBP;GATA3;FOXA2;PIASy;CDX2;LEF1-bCat;SOX17;HNF4A;GATA6;BMP2K;LEF1;GATA2,NANOG;SOX2;SUMO1;LMCD1;ZIC3;PRDM14;KLF4;OCT4;Oct4-Sox2;PBX1;FOXD3;FOXA1;MYC-SP1;MYC;SP1;NFYA;OCT4-FOXD3,0.393939394,0.606060606
PLU_058,100,0.060210813,0.164956144,12,0.485838685,NANOG;SUMO1;ZIC3;KLF4;OCT4;GATA4;SP3;TCF3;MYC-SP1;MYC;SP1;GATA6;NFYA;LEF1,PIAS1;SOX2;LMCD1;PRDM14;Oct4-Sox2;PBX1;FOXD3;CEBP;FOXA1;GATA3;FOXA2;PIASy;CDX2;LEF1-bCat;SOX17;HNF4A;BMP2K;OCT4-FOXD3;GATA2,PIAS1;GATA4;SP3;TCF3;CEBP;GATA3;FOXA2;PIASy;CDX2;LEF1-bCat;SOX17;HNF4A;GATA6;BMP2K;LEF1;GATA2,NANOG;SOX2;SUMO1;LMCD1;ZIC3;PRDM14;KLF4;OCT4;Oct4-Sox2;PBX1;FOXD3;FOXA1;MYC-SP1;MYC;SP1;NFYA;OCT4-FOXD3,0.515151515,0.484848485
PLU_059,100,0.055225544,0.264240953,13,0.419683763,NANOG;PIAS1;LMCD1;ZIC3;KLF4;Oct4-Sox2;GATA6,SOX2;SUMO1;PRDM14;OCT4;PBX1;GATA4;SP3;FOXD3;TCF3;CEBP;FOXA1;GATA3;MYC-SP1;FOXA2;PIASy;MYC;CDX2;SP1;LEF1-bCat;SOX17;HNF4A;BMP2K;NFYA;OCT4-FOXD3;LEF1;GATA2,PIAS1;GATA4;SP3;TCF3;CEBP;GATA3;FOXA2;PIASy;CDX2;LEF1-bCat;SOX17;HNF4A;GATA6;BMP2K;LEF1;GATA2,NANOG;SOX2;SUMO1;LMCD1;ZIC3;PRDM14;KLF4;OCT4;Oct4-Sox2;PBX1;FOXD3;FOXA1;MYC-SP1;MYC;SP1;NFYA;OCT4-FOXD3,0.545454545,0.454545455
PLU_060,100,0.034758941,0.300417002,11.33333333,0.539752873,NANOG;SOX2;LMCD1;ZIC3;PRDM14;KLF4;OCT4;PBX1;GATA4;SP3;FOXD3;TCF3;CEBP;FOXA2;CDX2;GATA6;NFYA;OCT4-FOXD3,PIAS1;SUMO1;Oct4-Sox2;FOXA1;GATA3;MYC-SP1;PIASy;MYC;SP1;LEF1-bCat;SOX17;HNF4A;BMP2K;LEF1;GATA2,PIAS1;GATA4;SP3;TCF3;CEBP;GATA3;FOXA2;PIASy;CDX2;LEF1-bCat;SOX17;HNF4A;GATA6;BMP2K;LEF1;GATA2,NANOG;SOX2;SUMO1;LMCD1;ZIC3;PRDM14;KLF4;OCT4;Oct4-Sox2;PBX1;FOXD3;FOXA1;MYC-SP1;MYC;SP1;NFYA;OCT4-FOXD3,0.303030303,0.696969697
PLU_061,100,0.065153089,0.19277015,13,0.407762601,NANOG;PIAS1;SOX2;SUMO1;LMCD1;KLF4;OCT4;Oct4-Sox2;PBX1;FOXD3;FOXA1;GATA3;FOXA2;PIASy;CDX2;SOX17;HNF4A;BMP2K;NFYA;OCT4-FOXD3;LEF1;GATA2,ZIC3;PRDM14;GATA4;SP3;TCF3;CEBP;MYC-SP1;MYC;SP1;LEF1-bCat;GATA6,PIAS1;GATA4;SP3;TCF3;CEBP;GATA3;FOXA2;PIASy;CDX2;LEF1-bCat;SOX17;HNF4A;GATA6;BMP2K;LEF1;GATA2,NANOG;SOX2;SUMO1;LMCD1;ZIC3;PRDM14;KLF4;OCT4;Oct4-Sox2;PBX1;FOXD3;FOXA1;MYC-SP1;MYC;SP1;NFYA;OCT4-FOXD3,0.272727273,0.727272727
PLU_062,100,0.231468182,0.218976091,15,0.383754224,NANOG;SOX2;SUMO1;LMCD1;ZIC3;PRDM14;KLF4;OCT4;Oct4-Sox2;PBX1;GATA4;SP3;FOXD3;TCF3;CEBP;FOXA1;GATA3;MYC-SP1;FOXA2;PIASy;MYC;CDX2;SP1;LEF1-bCat;SOX17;HNF4A;GATA6;BMP2K;NFYA;OCT4-FOXD3;LEF1;GATA2,PIAS1,PIAS1;GATA4;SP3;TCF3;CEBP;GATA3;FOXA2;PIASy;CDX2;LEF1-bCat;SOX17;HNF4A;GATA6;BMP2K;LEF1;GATA2,NANOG;SOX2;SUMO1;LMCD1;ZIC3;PRDM14;KLF4;OCT4;Oct4-Sox2;PBX1;FOXD3;FOXA1;MYC-SP1;MYC;SP1;NFYA;OCT4-FOXD3,0.424242424,0.575757576
PLU_063,100,0.045903018,0.184877103,14,0.393196738,NANOG;PIAS1;SUMO1;ZIC3;PRDM14;OCT4;Oct4-Sox2;PBX1;CDX2,SOX2;LMCD1;KLF4;GATA4;SP3;FOXD3;TCF3;CEBP;FOXA1;GATA3;MYC-SP1;FOXA2;PIASy;MYC;SP1;LEF1-bCat;SOX17;HNF4A;GATA6;BMP2K;NFYA;OCT4-FOXD3;LEF1;GATA2,PIAS1;GATA4;SP3;TCF3;CEBP;GATA3;FOXA2;PIASy;CDX2;LEF1-bCat;SOX17;HNF4A;GATA6;BMP2K;LEF1;GATA2,NANOG;SOX2;SUMO1;LMCD1;ZIC3;PRDM14;KLF4;OCT4;Oct4-Sox2;PBX1;FOXD3;FOXA1;MYC-SP1;MYC;SP1;NFYA;OCT4-FOXD3,0.545454545,0.454545455
PLU_064,100,0.029866396,0.210134777,15.66666667,0.400899807,NANOG;SOX2;LMCD1;ZIC3;PRDM14;OCT4;SP3;FOXD3;TCF3;CEBP;GATA3;MYC-SP1;PIASy;MYC;SP1;LEF1-bCat;HNF4A;GATA6;BMP2K;NFYA;OCT4-FOXD3;LEF1;GATA2,PIAS1;SUMO1;KLF4;Oct4-Sox2;PBX1;GATA4;FOXA1;FOXA2;CDX2;SOX17,PIAS1;GATA4;SP3;TCF3;CEBP;GATA3;FOXA2;PIASy;CDX2;LEF1-bCat;SOX17;HNF4A;GATA6;BMP2K;LEF1;GATA2,NANOG;SOX2;SUMO1;LMCD1;ZIC3;PRDM14;KLF4;OCT4;Oct4-Sox2;PBX1;FOXD3;FOXA1;MYC-SP1;MYC;SP1;NFYA;OCT4-FOXD3,0.363636364,0.636363636
PLU_065,100,0.263576707,0.315193272,15,0.433577205,NANOG;SOX2;SUMO1;LMCD1;ZIC3;PRDM14;KLF4;OCT4;Oct4-Sox2;PBX1;GATA4;SP3;FOXD3;TCF3;CEBP;FOXA1;GATA3;MYC-SP1;FOXA2;PIASy;MYC;CDX2;SP1;LEF1-bCat;SOX17;HNF4A;GATA6;BMP2K;NFYA;OCT4-FOXD3;LEF1;GATA2,PIAS1,PIAS1;GATA4;SP3;TCF3;CEBP;GATA3;FOXA2;PIASy;CDX2;LEF1-bCat;SOX17;HNF4A;GATA6;BMP2K;LEF1;GATA2,NANOG;SOX2;SUMO1;LMCD1;ZIC3;PRDM14;KLF4;OCT4;Oct4-Sox2;PBX1;FOXD3;FOXA1;MYC-SP1;MYC;SP1;NFYA;OCT4-FOXD3,0.181818182,0.818181818
PLU_066,100,0.235778372,0.111454948,16,0.259765633,NANOG;SOX2;SUMO1;LMCD1;ZIC3;PRDM14;KLF4;OCT4;Oct4-Sox2;PBX1;GATA4;SP3;FOXD3;TCF3;CEBP;FOXA1;GATA3;MYC-SP1;FOXA2;PIASy;MYC;CDX2;SP1;LEF1-bCat;SOX17;HNF4A;GATA6;BMP2K;NFYA;OCT4-FOXD3;LEF1;GATA2,PIAS1,PIAS1;GATA4;SP3;TCF3;CEBP;GATA3;FOXA2;PIASy;CDX2;LEF1-bCat;SOX17;HNF4A;GATA6;BMP2K;LEF1;GATA2,NANOG;SOX2;SUMO1;LMCD1;ZIC3;PRDM14;KLF4;OCT4;Oct4-Sox2;PBX1;FOXD3;FOXA1;MYC-SP1;MYC;SP1;NFYA;OCT4-FOXD3,0.272727273,0.727272727
PLU_067,100,0.080949299,0.226584852,13,0.359635698,NANOG;PIAS1;SUMO1;LMCD1;KLF4;PBX1;TCF3;GATA6,SOX2;ZIC3;PRDM14;OCT4;Oct4-Sox2;GATA4;SP3;FOXD3;CEBP;FOXA1;GATA3;MYC-SP1;FOXA2;PIASy;MYC;CDX2;SP1;LEF1-bCat;SOX17;HNF4A;BMP2K;NFYA;OCT4-FOXD3;LEF1;GATA2,PIAS1;GATA4;SP3;TCF3;CEBP;GATA3;FOXA2;PIASy;CDX2;LEF1-bCat;SOX17;HNF4A;GATA6;BMP2K;LEF1;GATA2,NANOG;SOX2;SUMO1;LMCD1;ZIC3;PRDM14;KLF4;OCT4;Oct4-Sox2;PBX1;FOXD3;FOXA1;MYC-SP1;MYC;SP1;NFYA;OCT4-FOXD3,0.606060606,0.393939394
PLU_068,100,0.06641638,0.184273649,14,0.353696388,NANOG;SOX2;SUMO1;LMCD1;ZIC3;OCT4;Oct4-Sox2;GATA4;SP3;FOXD3;TCF3;CEBP;FOXA1;GATA3;MYC-SP1;FOXA2;PIASy;MYC;CDX2;SP1;LEF1-bCat;SOX17;HNF4A;GATA6;BMP2K;NFYA;OCT4-FOXD3;LEF1;GATA2,PIAS1;PRDM14;KLF4;PBX1,PIAS1;GATA4;SP3;TCF3;CEBP;GATA3;FOXA2;PIASy;CDX2;LEF1-bCat;SOX17;HNF4A;GATA6;BMP2K;LEF1;GATA2,NANOG;SOX2;SUMO1;LMCD1;ZIC3;PRDM14;KLF4;OCT4;Oct4-Sox2;PBX1;FOXD3;FOXA1;MYC-SP1;MYC;SP1;NFYA;OCT4-FOXD3,0.424242424,0.575757576
PLU_069,100,0.096085174,0.231843791,12,0.441605691,NANOG;SOX2;SUMO1;ZIC3;PRDM14;KLF4;OCT4;Oct4-Sox2;PBX1;FOXD3;TCF3;FOXA1;GATA3;MYC-SP1;FOXA2;PIASy;MYC;SP1;LEF1-bCat;SOX17;HNF4A;BMP2K;OCT4-FOXD3;LEF1;GATA2,PIAS1;LMCD1;GATA4;SP3;CEBP;CDX2;GATA6;NFYA,PIAS1;GATA4;SP3;TCF3;CEBP;GATA3;FOXA2;PIASy;CDX2;LEF1-bCat;SOX17;HNF4A;GATA6;BMP2K;LEF1;GATA2,NANOG;SOX2;SUMO1;LMCD1;ZIC3;PRDM14;KLF4;OCT4;Oct4-Sox2;PBX1;FOXD3;FOXA1;MYC-SP1;MYC;SP1;NFYA;OCT4-FOXD3,0.272727273,0.727272727
PLU_070,100,0.035043453,0.181746978,16,0.400059997,NANOG;SOX2;SUMO1;LMCD1;ZIC3;KLF4;OCT4;Oct4-Sox2;PBX1;SP3;FOXD3;TCF3;CEBP;FOXA1;GATA3;MYC-SP1;FOXA2;PIASy;MYC;CDX2;SP1;LEF1-bCat;SOX17;HNF4A;BMP2K;NFYA;OCT4-FOXD3;LEF1;GATA2,PIAS1;PRDM14;GATA4;GATA6,PIAS1;GATA4;SP3;TCF3;CEBP;GATA3;FOXA2;PIASy;CDX2;LEF1-bCat;SOX17;HNF4A;GATA6;BMP2K;LEF1;GATA2,NANOG;SOX2;SUMO1;LMCD1;ZIC3;PRDM14;KLF4;OCT4;Oct4-Sox2;PBX1;FOXD3;FOXA1;MYC-SP1;MYC;SP1;NFYA;OCT4-FOXD3,0.575757576,0.424242424
PLU_071,100,0.024268225,0.212566137,16,0.351572449,NANOG;SOX2;LMCD1;KLF4;OCT4;PBX1;SP3;FOXD3;TCF3;CEBP;FOXA1;GATA3;MYC-SP1;FOXA2;PIASy;MYC;CDX2;SP1;LEF1-bCat;SOX17;HNF4A;GATA6;BMP2K;NFYA;OCT4-FOXD3;LEF1;GATA2,PIAS1;SUMO1;ZIC3;PRDM14;Oct4-Sox2;GATA4,PIAS1;GATA4;SP3;TCF3;CEBP;GATA3;FOXA2;PIASy;CDX2;LEF1-bCat;SOX17;HNF4A;GATA6;BMP2K;LEF1;GATA2,NANOG;SOX2;SUMO1;LMCD1;ZIC3;PRDM14;KLF4;OCT4;Oct4-Sox2;PBX1;FOXD3;FOXA1;MYC-SP1;MYC;SP1;NFYA;OCT4-FOXD3,0.636363636,0.363636364
PLU_072,100,0.098245769,0.167040639,13.33333333,0.350325024,NANOG;PIAS1;ZIC3;KLF4;PBX1;GATA4;MYC-SP1;MYC;SP1;GATA6,SOX2;SUMO1;LMCD1;PRDM14;OCT4;Oct4-Sox2;SP3;FOXD3;TCF3;CEBP;FOXA1;GATA3;FOXA2;PIASy;CDX2;LEF1-bCat;SOX17;HNF4A;BMP2K;NFYA;OCT4-FOXD3;LEF1;GATA2,PIAS1;GATA4;SP3;TCF3;CEBP;GATA3;FOXA2;PIASy;CDX2;LEF1-bCat;SOX17;HNF4A;GATA6;BMP2K;LEF1;GATA2,NANOG;SOX2;SUMO1;LMCD1;ZIC3;PRDM14;KLF4;OCT4;Oct4-Sox2;PBX1;FOXD3;FOXA1;MYC-SP1;MYC;SP1;NFYA;OCT4-FOXD3,0.363636364,0.636363636
PLU_073,100,0.073803377,0.264504308,12,0.520006349,NANOG;PIAS1;SOX2;ZIC3;KLF4;OCT4;Oct4-Sox2;PBX1;SP3;FOXD3;TCF3;CEBP;FOXA1;GATA3;MYC-SP1;FOXA2;PIASy;MYC;CDX2;SP1;LEF1-bCat;SOX17;HNF4A;GATA6;BMP2K;NFYA;LEF1;GATA2,SUMO1;LMCD1;PRDM14;GATA4;OCT4-FOXD3,PIAS1;GATA4;SP3;TCF3;CEBP;GATA3;FOXA2;PIASy;CDX2;LEF1-bCat;SOX17;HNF4A;GATA6;BMP2K;LEF1;GATA2,NANOG;SOX2;SUMO1;LMCD1;ZIC3;PRDM14;KLF4;OCT4;Oct4-Sox2;PBX1;FOXD3;FOXA1;MYC-SP1;MYC;SP1;NFYA;OCT4-FOXD3,0.484848485,0.515151515
PLU_074,100,0.034405286,0.269472742,14,0.380651101,NANOG;SOX2;ZIC3;PRDM14;KLF4;OCT4;Oct4-Sox2;PBX1,PIAS1;SUMO1;LMCD1;GATA4;SP3;FOXD3;TCF3;CEBP;FOXA1;GATA3;MYC-SP1;FOXA2;PIASy;MYC;CDX2;SP1;LEF1-bCat;SOX17;HNF4A;GATA6;BMP2K;NFYA;OCT4-FOXD3;LEF1;GATA2,PIAS1;GATA4;SP3;TCF3;CEBP;GATA3;FOXA2;PIASy;CDX2;LEF1-bCat;SOX17;HNF4A;GATA6;BMP2K;LEF1;GATA2,NANOG;SOX2;SUMO1;LMCD1;ZIC3;PRDM14;KLF4;OCT4;Oct4-Sox2;PBX1;FOXD3;FOXA1;MYC-SP1;MYC;SP1;NFYA;OCT4-FOXD3,0.727272727,0.272727273
PLU_075,100,0.067699629,0.208469438,11,0.532289296,NANOG;SOX2;ZIC3;KLF4;OCT4;Oct4-Sox2;PBX1;SP3;FOXD3;TCF3;CEBP;FOXA1;GATA3;MYC-SP1;FOXA2;PIASy;MYC;CDX2;SP1;LEF1-bCat;SOX17;HNF4A;GATA6;BMP2K;NFYA;OCT4-FOXD3;LEF1;GATA2,PIAS1;SUMO1;LMCD1;PRDM14;GATA4,PIAS1;GATA4;SP3;TCF3;CEBP;GATA3;FOXA2;PIASy;CDX2;LEF1-bCat;SOX17;HNF4A;GATA6;BMP2K;LEF1;GATA2,NANOG;SOX2;SUMO1;LMCD1;ZIC3;PRDM14;KLF4;OCT4;Oct4-Sox2;PBX1;FOXD3;FOXA1;MYC-SP1;MYC;SP1;NFYA;OCT4-FOXD3,0.303030303,0.696969697
PLU_076,100,0.258741671,0.146393062,13.66666667,0.48550137,NANOG;SOX2;SUMO1;LMCD1;ZIC3;PRDM14;KLF4;OCT4;Oct4-Sox2;PBX1;GATA4;SP3;FOXD3;TCF3;CEBP;FOXA1;GATA3;MYC-SP1;FOXA2;PIASy;MYC;CDX2;SP1;LEF1-bCat;SOX17;HNF4A;GATA6;BMP2K;NFYA;OCT4-FOXD3;LEF1;GATA2,PIAS1,PIAS1;GATA4;SP3;TCF3;CEBP;GATA3;FOXA2;PIASy;CDX2;LEF1-bCat;SOX17;HNF4A;GATA6;BMP2K;LEF1;GATA2,NANOG;SOX2;SUMO1;LMCD1;ZIC3;PRDM14;KLF4;OCT4;Oct4-Sox2;PBX1;FOXD3;FOXA1;MYC-SP1;MYC;SP1;NFYA;OCT4-FOXD3,0.696969697,0.303030303
PLU_077,100,0.046406404,0.207018162,14.33333333,0.3834437,NANOG;PIAS1;SOX2;SUMO1;LMCD1;ZIC3;PRDM14;OCT4;Oct4-Sox2;PBX1;FOXD3;TCF3;MYC;LEF1-bCat;GATA6;NFYA;OCT4-FOXD3;LEF1,KLF4;GATA4;SP3;CEBP;FOXA1;GATA3;MYC-SP1;FOXA2;PIASy;CDX2;SP1;SOX17;HNF4A;BMP2K;GATA2,PIAS1;GATA4;SP3;TCF3;CEBP;GATA3;FOXA2;PIASy;CDX2;LEF1-bCat;SOX17;HNF4A;GATA6;BMP2K;LEF1;GATA2,NANOG;SOX2;SUMO1;LMCD1;ZIC3;PRDM14;KLF4;OCT4;Oct4-Sox2;PBX1;FOXD3;FOXA1;MYC-SP1;MYC;SP1;NFYA;OCT4-FOXD3,0.303030303,0.696969697
PLU_078,100,0.086589327,0.326076655,12,0.516183308,NANOG;PIAS1;SOX2;ZIC3;PRDM14;KLF4;PBX1,SUMO1;LMCD1;OCT4;Oct4-Sox2;GATA4;SP3;FOXD3;TCF3;CEBP;FOXA1;GATA3;MYC-SP1;FOXA2;PIASy;MYC;CDX2;SP1;LEF1-bCat;SOX17;HNF4A;GATA6;BMP2K;NFYA;OCT4-FOXD3;LEF1;GATA2,PIAS1;GATA4;SP3;TCF3;CEBP;GATA3;FOXA2;PIASy;CDX2;LEF1-bCat;SOX17;HNF4A;GATA6;BMP2K;LEF1;GATA2,NANOG;SOX2;SUMO1;LMCD1;ZIC3;PRDM14;KLF4;OCT4;Oct4-Sox2;PBX1;FOXD3;FOXA1;MYC-SP1;MYC;SP1;NFYA;OCT4-FOXD3,0.515151515,0.484848485
PLU_079,100,0.059980559,0.16449849,15,0.400935105,NANOG;PIAS1;LMCD1;ZIC3;PRDM14;PBX1;GATA4;GATA6,SOX2;SUMO1;KLF4;OCT4;Oct4-Sox2;SP3;FOXD3;TCF3;CEBP;FOXA1;GATA3;MYC-SP1;FOXA2;PIASy;MYC;CDX2;SP1;LEF1-bCat;SOX17;HNF4A;BMP2K;NFYA;OCT4-FOXD3;LEF1;GATA2,PIAS1;GATA4;SP3;TCF3;CEBP;GATA3;FOXA2;PIASy;CDX2;LEF1-bCat;SOX17;HNF4A;GATA6;BMP2K;LEF1;GATA2,NANOG;SOX2;SUMO1;LMCD1;ZIC3;PRDM14;KLF4;OCT4;Oct4-Sox2;PBX1;FOXD3;FOXA1;MYC-SP1;MYC;SP1;NFYA;OCT4-FOXD3,0.454545455,0.545454545
PLU_080,100,0.230835777,0.230696105,14,0.346560374,NANOG;SOX2;SUMO1;LMCD1;ZIC3;PRDM14;KLF4;OCT4;Oct4-Sox2;PBX1;GATA4;SP3;FOXD3;TCF3;CEBP;FOXA1;GATA3;MYC-SP1;FOXA2;PIASy;MYC;CDX2;SP1;LEF1-bCat;SOX17;HNF4A;GATA6;BMP2K;NFYA;OCT4-FOXD3;LEF1;GATA2,PIAS1,PIAS1;GATA4;SP3;TCF3;CEBP;GATA3;FOXA2;PIASy;CDX2;LEF1-bCat;SOX17;HNF4A;GATA6;BMP2K;LEF1;GATA2,NANOG;SOX2;SUMO1;LMCD1;ZIC3;PRDM14;KLF4;OCT4;Oct4-Sox2;PBX1;FOXD3;FOXA1;MYC-SP1;MYC;SP1;NFYA;OCT4-FOXD3,0.363636364,0.636363636
PLU_081,100,0.05097691,0.330039493,10,0.617357744,NANOG;PIAS1;SOX2;SUMO1;LMCD1;ZIC3;PRDM14;KLF4;OCT4;Oct4-Sox2;GATA4;CDX2;GATA6,PBX1;SP3;FOXD3;TCF3;CEBP;FOXA1;GATA3;MYC-SP1;FOXA2;PIASy;MYC;SP1;LEF1-bCat;SOX17;HNF4A;BMP2K;NFYA;OCT4-FOXD3;LEF1;GATA2,PIAS1;GATA4;SP3;TCF3;CEBP;GATA3;FOXA2;PIASy;CDX2;LEF1-bCat;SOX17;HNF4A;GATA6;BMP2K;LEF1;GATA2,NANOG;SOX2;SUMO1;LMCD1;ZIC3;PRDM14;KLF4;OCT4;Oct4-Sox2;PBX1;FOXD3;FOXA1;MYC-SP1;MYC;SP1;NFYA;OCT4-FOXD3,0.515151515,0.484848485
PLU_082,100,0.232614294,0.173356081,17,0.206976315,NANOG;SOX2;SUMO1;LMCD1;ZIC3;PRDM14;KLF4;OCT4;Oct4-Sox2;PBX1;GATA4;SP3;FOXD3;TCF3;CEBP;FOXA1;GATA3;MYC-SP1;FOXA2;PIASy;MYC;CDX2;SP1;LEF1-bCat;SOX17;HNF4A;GATA6;BMP2K;NFYA;OCT4-FOXD3;LEF1;GATA2,PIAS1,PIAS1;GATA4;SP3;TCF3;CEBP;GATA3;FOXA2;PIASy;CDX2;LEF1-bCat;SOX17;HNF4A;GATA6;BMP2K;LEF1;GATA2,NANOG;SOX2;SUMO1;LMCD1;ZIC3;PRDM14;KLF4;OCT4;Oct4-Sox2;PBX1;FOXD3;FOXA1;MYC-SP1;MYC;SP1;NFYA;OCT4-FOXD3,0.606060606,0.393939394
PLU_083,100,0.014302053,0.164046916,17,0.269539629,NANOG;SOX2;ZIC3;OCT4;Oct4-Sox2;GATA4;SP3;FOXD3;TCF3;CEBP;FOXA1;GATA3;MYC-SP1;FOXA2;PIASy;MYC;CDX2;SP1;LEF1-bCat;SOX17;HNF4A;BMP2K;NFYA;LEF1;GATA2,PIAS1;SUMO1;LMCD1;PRDM14;KLF4;PBX1;GATA6;OCT4-FOXD3,PIAS1;GATA4;SP3;TCF3;CEBP;GATA3;FOXA2;PIASy;CDX2;LEF1-bCat;SOX17;HNF4A;GATA6;BMP2K;LEF1;GATA2,NANOG;SOX2;SUMO1;LMCD1;ZIC3;PRDM14;KLF4;OCT4;Oct4-Sox2;PBX1;FOXD3;FOXA1;MYC-SP1;MYC;SP1;NFYA;OCT4-FOXD3,0.515151515,0.484848485
PLU_084,100,0.244692394,0.223010571,16,0.374557385,NANOG;SOX2;SUMO1;LMCD1;ZIC3;PRDM14;KLF4;OCT4;Oct4-Sox2;PBX1;GATA4;SP3;FOXD3;TCF3;CEBP;FOXA1;GATA3;MYC-SP1;FOXA2;PIASy;MYC;CDX2;SP1;LEF1-bCat;SOX17;HNF4A;GATA6;BMP2K;NFYA;OCT4-FOXD3;LEF1;GATA2,PIAS1,PIAS1;GATA4;SP3;TCF3;CEBP;GATA3;FOXA2;PIASy;CDX2;LEF1-bCat;SOX17;HNF4A;GATA6;BMP2K;LEF1;GATA2,NANOG;SOX2;SUMO1;LMCD1;ZIC3;PRDM14;KLF4;OCT4;Oct4-Sox2;PBX1;FOXD3;FOXA1;MYC-SP1;MYC;SP1;NFYA;OCT4-FOXD3,0.575757576,0.424242424
PLU_085,100,0.105314109,0.276217231,13,0.533984317,NANOG;PIAS1;SOX2;ZIC3;KLF4;OCT4;Oct4-Sox2;PBX1;GATA4;SP3;FOXD3;TCF3;CEBP;FOXA1;GATA3;MYC-SP1;FOXA2;PIASy;MYC;CDX2;SP1;LEF1-bCat;SOX17;HNF4A;GATA6;BMP2K;NFYA;OCT4-FOXD3;LEF1;GATA2,SUMO1;LMCD1;PRDM14,PIAS1;GATA4;SP3;TCF3;CEBP;GATA3;FOXA2;PIASy;CDX2;LEF1-bCat;SOX17;HNF4A;GATA6;BMP2K;LEF1;GATA2,NANOG;SOX2;SUMO1;LMCD1;ZIC3;PRDM14;KLF4;OCT4;Oct4-Sox2;PBX1;FOXD3;FOXA1;MYC-SP1;MYC;SP1;NFYA;OCT4-FOXD3,0.333333333,0.666666667
PLU_086,100,0.04101807,0.264679038,14,0.433831593,NANOG;SOX2;LMCD1;ZIC3;PRDM14;KLF4;OCT4;Oct4-Sox2;PBX1;SP3;FOXD3;TCF3;CEBP;FOXA1;GATA3;MYC-SP1;FOXA2;PIASy;MYC;CDX2;SP1;LEF1-bCat;SOX17;HNF4A;BMP2K;NFYA;OCT4-FOXD3;LEF1;GATA2,PIAS1;SUMO1;GATA4;GATA6,PIAS1;GATA4;SP3;TCF3;CEBP;GATA3;FOXA2;PIASy;CDX2;LEF1-bCat;SOX17;HNF4A;GATA6;BMP2K;LEF1;GATA2,NANOG;SOX2;SUMO1;LMCD1;ZIC3;PRDM14;KLF4;OCT4;Oct4-Sox2;PBX1;FOXD3;FOXA1;MYC-SP1;MYC;SP1;NFYA;OCT4-FOXD3,0.272727273,0.727272727
PLU_087,100,0.018124979,0.163833291,16,0.362553713,NANOG;ZIC3;PRDM14;KLF4;OCT4;Oct4-Sox2;PBX1;SP3;FOXD3;TCF3;CEBP;FOXA1;GATA3;MYC-SP1;PIASy;MYC;CDX2;SP1;LEF1-bCat;HNF4A;BMP2K;NFYA;OCT4-FOXD3;LEF1;GATA2,PIAS1;SOX2;SUMO1;LMCD1;GATA4;FOXA2;SOX17;GATA6,PIAS1;GATA4;SP3;TCF3;CEBP;GATA3;FOXA2;PIASy;CDX2;LEF1-bCat;SOX17;HNF4A;GATA6;BMP2K;LEF1;GATA2,NANOG;SOX2;SUMO1;LMCD1;ZIC3;PRDM14;KLF4;OCT4;Oct4-Sox2;PBX1;FOXD3;FOXA1;MYC-SP1;MYC;SP1;NFYA;OCT4-FOXD3,0.545454545,0.454545455
PLU_088,100,0.081700783,0.204224795,12,0.471881961,NANOG;PIAS1;SOX2;SUMO1;KLF4;OCT4;Oct4-Sox2;PBX1;GATA4;SP3;FOXD3;FOXA1;GATA3;FOXA2;PIASy;CDX2;LEF1-bCat;SOX17;HNF4A;GATA6;BMP2K;LEF1;GATA2,LMCD1;ZIC3;PRDM14;TCF3;CEBP;MYC-SP1;MYC;SP1;NFYA;OCT4-FOXD3,PIAS1;GATA4;SP3;TCF3;CEBP;GATA3;FOXA2;PIASy;CDX2;LEF1-bCat;SOX17;HNF4A;GATA6;BMP2K;LEF1;GATA2,NANOG;SOX2;SUMO1;LMCD1;ZIC3;PRDM14;KLF4;OCT4;Oct4-Sox2;PBX1;FOXD3;FOXA1;MYC-SP1;MYC;SP1;NFYA;OCT4-FOXD3,0.696969697,0.303030303
PLU_089,100,0.067957743,0.14868902,13,0.366428295,NANOG;SOX2;LMCD1;ZIC3;PRDM14;KLF4;OCT4;PBX1;SP3;FOXD3;TCF3;CEBP;FOXA1;GATA3;MYC-SP1;FOXA2;PIASy;MYC;CDX2;SP1;LEF1-bCat;SOX17;HNF4A;GATA6;BMP2K;NFYA;OCT4-FOXD3;LEF1;GATA2,PIAS1;SUMO1;Oct4-Sox2;GATA4,PIAS1;GATA4;SP3;TCF3;CEBP;GATA3;FOXA2;PIASy;CDX2;LEF1-bCat;SOX17;HNF4A;GATA6;BMP2K;LEF1;GATA2,NANOG;SOX2;SUMO1;LMCD1;ZIC3;PRDM14;KLF4;OCT4;Oct4-Sox2;PBX1;FOXD3;FOXA1;MYC-SP1;MYC;SP1;NFYA;OCT4-FOXD3,0.575757576,0.424242424
PLU_090,100,0.228884037,0.200558763,14,0.410038075,NANOG;SOX2;SUMO1;LMCD1;ZIC3;PRDM14;KLF4;OCT4;Oct4-Sox2;PBX1;GATA4;SP3;FOXD3;TCF3;CEBP;FOXA1;GATA3;MYC-SP1;FOXA2;PIASy;MYC;CDX2;SP1;LEF1-bCat;SOX17;HNF4A;GATA6;BMP2K;NFYA;OCT4-FOXD3;LEF1;GATA2,PIAS1,PIAS1;GATA4;SP3;TCF3;CEBP;GATA3;FOXA2;PIASy;CDX2;LEF1-bCat;SOX17;HNF4A;GATA6;BMP2K;LEF1;GATA2,NANOG;SOX2;SUMO1;LMCD1;ZIC3;PRDM14;KLF4;OCT4;Oct4-Sox2;PBX1;FOXD3;FOXA1;MYC-SP1;MYC;SP1;NFYA;OCT4-FOXD3,0.575757576,0.424242424
PLU_091,100,0.042287405,0.21357075,14,0.427795762,NANOG;SOX2;LMCD1;ZIC3;PRDM14;KLF4;Oct4-Sox2;PBX1;CDX2;GATA6,PIAS1;SUMO1;OCT4;GATA4;SP3;FOXD3;TCF3;CEBP;FOXA1;GATA3;MYC-SP1;FOXA2;PIASy;MYC;SP1;LEF1-bCat;SOX17;HNF4A;BMP2K;NFYA;OCT4-FOXD3;LEF1;GATA2,PIAS1;GATA4;SP3;TCF3;CEBP;GATA3;FOXA2;PIASy;CDX2;LEF1-bCat;SOX17;HNF4A;GATA6;BMP2K;LEF1;GATA2,NANOG;SOX2;SUMO1;LMCD1;ZIC3;PRDM14;KLF4;OCT4;Oct4-Sox2;PBX1;FOXD3;FOXA1;MYC-SP1;MYC;SP1;NFYA;OCT4-FOXD3,0.363636364,0.636363636
PLU_092,100,0.042227842,0.163390214,14,0.349003434,NANOG;SOX2;LMCD1;ZIC3;PRDM14;KLF4;OCT4;Oct4-Sox2;PBX1;GATA4;FOXD3;TCF3;CEBP;FOXA1;GATA3;MYC-SP1;PIASy;MYC;SP1;HNF4A;GATA6;BMP2K;NFYA;OCT4-FOXD3;GATA2,PIAS1;SUMO1;SP3;FOXA2;CDX2;LEF1-bCat;SOX17;LEF1,PIAS1;GATA4;SP3;TCF3;CEBP;GATA3;FOXA2;PIASy;CDX2;LEF1-bCat;SOX17;HNF4A;GATA6;BMP2K;LEF1;GATA2,NANOG;SOX2;SUMO1;LMCD1;ZIC3;PRDM14;KLF4;OCT4;Oct4-Sox2;PBX1;FOXD3;FOXA1;MYC-SP1;MYC;SP1;NFYA;OCT4-FOXD3,0.303030303,0.696969697
PLU_093,100,0.028186154,0.181238291,15,0.255125437,NANOG;PIAS1;SUMO1;LMCD1;ZIC3;KLF4;OCT4;Oct4-Sox2;PBX1;GATA4;FOXD3;GATA3;MYC-SP1;FOXA2;PIASy;MYC;CDX2;SP1;LEF1-bCat;SOX17;HNF4A;GATA6;BMP2K;OCT4-FOXD3;LEF1;GATA2,SOX2;PRDM14;SP3;TCF3;CEBP;FOXA1;NFYA,PIAS1;GATA4;SP3;TCF3;CEBP;GATA3;FOXA2;PIASy;CDX2;LEF1-bCat;SOX17;HNF4A;GATA6;BMP2K;LEF1;GATA2,NANOG;SOX2;SUMO1;LMCD1;ZIC3;PRDM14;KLF4;OCT4;Oct4-Sox2;PBX1;FOXD3;FOXA1;MYC-SP1;MYC;SP1;NFYA;OCT4-FOXD3,0.363636364,0.636363636
PLU_094,100,0.068037676,0.221366407,15,0.40475031,NANOG;PIAS1;ZIC3;KLF4;Oct4-Sox2;GATA4,SOX2;SUMO1;LMCD1;PRDM14;OCT4;PBX1;SP3;FOXD3;TCF3;CEBP;FOXA1;GATA3;MYC-SP1;FOXA2;PIASy;MYC;CDX2;SP1;LEF1-bCat;SOX17;HNF4A;GATA6;BMP2K;NFYA;OCT4-FOXD3;LEF1;GATA2,PIAS1;GATA4;SP3;TCF3;CEBP;GATA3;FOXA2;PIASy;CDX2;LEF1-bCat;SOX17;HNF4A;GATA6;BMP2K;LEF1;GATA2,NANOG;SOX2;SUMO1;LMCD1;ZIC3;PRDM14;KLF4;OCT4;Oct4-Sox2;PBX1;FOXD3;FOXA1;MYC-SP1;MYC;SP1;NFYA;OCT4-FOXD3,0.484848485,0.515151515
PLU_095,100,0.234576984,0.191761467,16,0.27995422,NANOG;SOX2;SUMO1;LMCD1;ZIC3;PRDM14;KLF4;OCT4;Oct4-Sox2;PBX1;GATA4;SP3;FOXD3;TCF3;CEBP;FOXA1;GATA3;MYC-SP1;FOXA2;PIASy;MYC;CDX2;SP1;LEF1-bCat;SOX17;HNF4A;GATA6;BMP2K;NFYA;OCT4-FOXD3;LEF1;GATA2,PIAS1,PIAS1;GATA4;SP3;TCF3;CEBP;GATA3;FOXA2;PIASy;CDX2;LEF1-bCat;SOX17;HNF4A;GATA6;BMP2K;LEF1;GATA2,NANOG;SOX2;SUMO1;LMCD1;ZIC3;PRDM14;KLF4;OCT4;Oct4-Sox2;PBX1;FOXD3;FOXA1;MYC-SP1;MYC;SP1;NFYA;OCT4-FOXD3,0.575757576,0.424242424
PLU_096,100,0.0719152,0.274958795,13,0.398037752,NANOG;PIAS1;SUMO1;KLF4;Oct4-Sox2;PBX1;GATA4;SP3;MYC-SP1;MYC;SP1;LEF1-bCat;NFYA;LEF1,SOX2;LMCD1;ZIC3;PRDM14;OCT4;FOXD3;TCF3;CEBP;FOXA1;GATA3;FOXA2;PIASy;CDX2;SOX17;HNF4A;GATA6;BMP2K;OCT4-FOXD3;GATA2,PIAS1;GATA4;SP3;TCF3;CEBP;GATA3;FOXA2;PIASy;CDX2;LEF1-bCat;SOX17;HNF4A;GATA6;BMP2K;LEF1;GATA2,NANOG;SOX2;SUMO1;LMCD1;ZIC3;PRDM14;KLF4;OCT4;Oct4-Sox2;PBX1;FOXD3;FOXA1;MYC-SP1;MYC;SP1;NFYA;OCT4-FOXD3,0.424242424,0.575757576
PLU_097,100,0.057079772,0.193693249,14,0.402906541,NANOG;PIAS1;SOX2;LMCD1;ZIC3;PRDM14;KLF4;PBX1;SP3;CEBP;FOXA1;MYC-SP1;FOXA2;MYC;SP1;SOX17;NFYA,SUMO1;OCT4;Oct4-Sox2;GATA4;FOXD3;TCF3;GATA3;PIASy;CDX2;LEF1-bCat;HNF4A;GATA6;BMP2K;OCT4-FOXD3;LEF1;GATA2,PIAS1;GATA4;SP3;TCF3;CEBP;GATA3;FOXA2;PIASy;CDX2;LEF1-bCat;SOX17;HNF4A;GATA6;BMP2K;LEF1;GATA2,NANOG;SOX2;SUMO1;LMCD1;ZIC3;PRDM14;KLF4;OCT4;Oct4-Sox2;PBX1;FOXD3;FOXA1;MYC-SP1;MYC;SP1;NFYA;OCT4-FOXD3,0.424242424,0.575757576
PLU_098,100,0.060378892,0.249844099,14,0.428090579,NANOG;PRDM14;KLF4;OCT4;Oct4-Sox2;PBX1;FOXD3;FOXA1;OCT4-FOXD3,PIAS1;SOX2;SUMO1;LMCD1;ZIC3;GATA4;SP3;TCF3;CEBP;GATA3;MYC-SP1;FOXA2;PIASy;MYC;CDX2;SP1;LEF1-bCat;SOX17;HNF4A;GATA6;BMP2K;NFYA;LEF1;GATA2,PIAS1;GATA4;SP3;TCF3;CEBP;GATA3;FOXA2;PIASy;CDX2;LEF1-bCat;SOX17;HNF4A;GATA6;BMP2K;LEF1;GATA2,NANOG;SOX2;SUMO1;LMCD1;ZIC3;PRDM14;KLF4;OCT4;Oct4-Sox2;PBX1;FOXD3;FOXA1;MYC-SP1;MYC;SP1;NFYA;OCT4-FOXD3,0.606060606,0.393939394
PLU_099,100,0.052060543,0.178039995,15,0.35617775,NANOG;PIAS1;SOX2;ZIC3;PRDM14;KLF4;Oct4-Sox2;GATA4;FOXD3;FOXA1,SUMO1;LMCD1;OCT4;PBX1;SP3;TCF3;CEBP;GATA3;MYC-SP1;FOXA2;PIASy;MYC;CDX2;SP1;LEF1-bCat;SOX17;HNF4A;GATA6;BMP2K;NFYA;OCT4-FOXD3;LEF1;GATA2,PIAS1;GATA4;SP3;TCF3;CEBP;GATA3;FOXA2;PIASy;CDX2;LEF1-bCat;SOX17;HNF4A;GATA6;BMP2K;LEF1;GATA2,NANOG;SOX2;SUMO1;LMCD1;ZIC3;PRDM14;KLF4;OCT4;Oct4-Sox2;PBX1;FOXD3;FOXA1;MYC-SP1;MYC;SP1;NFYA;OCT4-FOXD3,0.484848485,0.515151515
PLU_100,100,0.017537701,0.17266499,16,0.393544843,NANOG;SOX2;SUMO1;LMCD1;ZIC3;PRDM14;OCT4;Oct4-Sox2;PBX1;GATA4;FOXD3;FOXA2;CDX2;SOX17;GATA6,PIAS1;KLF4;SP3;TCF3;CEBP;FOXA1;GATA3;MYC-SP1;PIASy;MYC;SP1;LEF1-bCat;HNF4A;BMP2K;NFYA;OCT4-FOXD3;LEF1;GATA2,PIAS1;GATA4;SP3;TCF3;CEBP;GATA3;FOXA2;PIASy;CDX2;LEF1-bCat;SOX17;HNF4A;GATA6;BMP2K;LEF1;GATA2,NANOG;SOX2;SUMO1;LMCD1;ZIC3;PRDM14;KLF4;OCT4;Oct4-Sox2;PBX1;FOXD3;FOXA1;MYC-SP1;MYC;SP1;NFYA;OCT4-FOXD3,0.545454545,0.454545455
P000_000_00,10,0.18873616,0.439973913,7,0.769712655,HNF4A;LEF1-bCat;FOXA1;TCF3;BMP2K;SP1;SOX17;LEF1;OCT4-FOXD3;GATA3;MYC-SP1;PIASy;MYC;CEBP;CDX2;OCT4;GATA2;FOXD3;SP3;NFYA;FOXA2;GATA6,GATA4;PIAS1;LMCD1;SUMO1;SOX2;PRDM14;Oct4-Sox2;NANOG;ZIC3;KLF4;PBX1,HNF4A;LEF1-bCat;GATA4;TCF3;PIAS1;BMP2K;SOX17;LEF1;GATA3;PIASy;CEBP;CDX2;GATA2;SP3;FOXA2;GATA6,FOXA1;SP1;OCT4-FOXD3;MYC-SP1;LMCD1;MYC;OCT4;FOXD3;NFYA;SUMO1;SOX2;PRDM14;Oct4-Sox2;NANOG;ZIC3;KLF4;PBX1,0.272727273,0.727272727
P000_000_01,10,0.126748311,0.324941432,13,0.625234407,HNF4A;LEF1-bCat;FOXA1;GATA4;TCF3;PIAS1;BMP2K;SP1;SOX17;LEF1;OCT4-FOXD3;GATA3;MYC-SP1;LMCD1;PIASy;MYC;CEBP;CDX2;OCT4;GATA2;FOXD3;SP3;NFYA;SUMO1;FOXA2;SOX2,PRDM14;GATA6;Oct4-Sox2;NANOG;ZIC3;KLF4;PBX1,LEF1-bCat;GATA4;TCF3;PIAS1;SOX17;LEF1;GATA3;PIASy;CEBP;CDX2;GATA2;SP3;FOXA2,HNF4A;FOXA1;BMP2K;SP1;OCT4-FOXD3;MYC-SP1;LMCD1;MYC;OCT4;FOXD3;NFYA;SUMO1;SOX2;PRDM14;GATA6;Oct4-Sox2;NANOG;ZIC3;KLF4;PBX1,0.393939394,0.606060606
P000_000_02,10,0.064944701,0.388625047,10,0.676975891,HNF4A;LEF1-bCat;FOXA1;TCF3;BMP2K;SP1;SOX17;LEF1;OCT4-FOXD3;GATA3;MYC-SP1;PIASy;MYC;CEBP;CDX2;OCT4;GATA2;FOXD3;SP3;NFYA;FOXA2;GATA6;KLF4,GATA4;PIAS1;LMCD1;SUMO1;SOX2;PRDM14;Oct4-Sox2;NANOG;ZIC3;PBX1,HNF4A;LEF1-bCat;TCF3;PIAS1;BMP2K;SOX17;LEF1;GATA3;PIASy;CEBP;CDX2;GATA2;SP3;FOXA2;GATA6,FOXA1;GATA4;SP1;OCT4-FOXD3;MYC-SP1;LMCD1;MYC;OCT4;FOXD3;NFYA;SUMO1;SOX2;PRDM14;Oct4-Sox2;NANOG;ZIC3;KLF4;PBX1,0.272727273,0.727272727
P000_000_03,10,0.157929799,0.360679738,9,0.723850343,HNF4A;LEF1-bCat;FOXA1;GATA4;TCF3;PIAS1;BMP2K;SP1;SOX17;LEF1;OCT4-FOXD3;GATA3;MYC-SP1;LMCD1;PIASy;MYC;CEBP;OCT4;GATA2;FOXD3;SP3;NFYA;SUMO1;FOXA2;SOX2;PRDM14;Oct4-Sox2;NANOG;ZIC3;KLF4;PBX1,CDX2;GATA6,OCT4-FOXD3;LMCD1;OCT4;FOXD3;NFYA;SUMO1;SOX2;PRDM14;Oct4-Sox2;NANOG;ZIC3;KLF4;PBX1,HNF4A;LEF1-bCat;FOXA1;GATA4;TCF3;PIAS1;BMP2K;SP1;SOX17;LEF1;GATA3;MYC-SP1;PIASy;MYC;CEBP;CDX2;GATA2;SP3;FOXA2;GATA6,0.545454545,0.454545455
P000_000_04,10,0.1732637,0.37621913,8,0.710702699,HNF4A;LEF1-bCat;FOXA1;GATA4;TCF3;PIAS1;BMP2K;SP1;SOX17;LEF1;OCT4-FOXD3;GATA3;MYC-SP1;LMCD1;PIASy;MYC;CEBP;CDX2;OCT4;GATA2;FOXD3;SP3;NFYA;SUMO1;FOXA2;SOX2;PRDM14;Oct4-Sox2;NANOG;ZIC3;KLF4;PBX1,GATA6,HNF4A;LEF1-bCat;GATA4;TCF3;PIAS1;BMP2K;SOX17;LEF1;OCT4-FOXD3;GATA3;PIASy;CEBP;CDX2;OCT4;GATA2;FOXD3;SP3;FOXA2;GATA6,FOXA1;SP1;MYC-SP1;LMCD1;MYC;NFYA;SUMO1;SOX2;PRDM14;Oct4-Sox2;NANOG;ZIC3;KLF4;PBX1,0.454545455,0.545454545
P000_000_05,10,0.186652528,0.373155571,9,0.717063751,HNF4A;LEF1-bCat;FOXA1;GATA4;TCF3;PIAS1;BMP2K;SP1;SOX17;LEF1;OCT4-FOXD3;GATA3;MYC-SP1;PIASy;MYC;CEBP;OCT4;GATA2;FOXD3;SP3;NFYA;SUMO1;FOXA2;GATA6,LMCD1;CDX2;SOX2;PRDM14;Oct4-Sox2;NANOG;ZIC3;KLF4;PBX1,HNF4A;LEF1-bCat;FOXA1;GATA4;TCF3;PIAS1;BMP2K;SP1;SOX17;LEF1;GATA3;MYC-SP1;PIASy;MYC;CEBP;GATA2;SP3;NFYA;FOXA2;GATA6,OCT4-FOXD3;LMCD1;CDX2;OCT4;FOXD3;SUMO1;SOX2;PRDM14;Oct4-Sox2;NANOG;ZIC3;KLF4;PBX1,0.090909091,0.909090909
P000_000_06,10,0.160776137,0.332555399,9,0.731079096,HNF4A;LEF1-bCat;FOXA1;TCF3;BMP2K;SP1;SOX17;LEF1;OCT4-FOXD3;GATA3;MYC-SP1;PIASy;MYC;CEBP;CDX2;OCT4;GATA2;FOXD3;SP3;NFYA;SUMO1;FOXA2;GATA6;ZIC3,GATA4;PIAS1;LMCD1;SOX2;PRDM14;Oct4-Sox2;NANOG;KLF4;PBX1,HNF4A;LEF1-bCat;FOXA1;GATA4;TCF3;PIAS1;BMP2K;SOX17;LEF1;GATA3;PIASy;CEBP;CDX2;GATA2;SP3;FOXA2;GATA6;ZIC3,SP1;OCT4-FOXD3;MYC-SP1;LMCD1;MYC;OCT4;FOXD3;NFYA;SUMO1;SOX2;PRDM14;Oct4-Sox2;NANOG;KLF4;PBX1,0.272727273,0.727272727
P000_000_07,10,0.078134136,0.282329077,14,0.516718477,HNF4A;LEF1-bCat;FOXA1;TCF3;BMP2K;SP1;SOX17;LEF1;OCT4-FOXD3;GATA3;MYC-SP1;PIASy;MYC;CEBP;OCT4;GATA2;FOXD3;SP3;NFYA;FOXA2;PRDM14;GATA6,GATA4;PIAS1;LMCD1;CDX2;SUMO1;SOX2;Oct4-Sox2;NANOG;ZIC3;KLF4;PBX1,FOXA1;GATA4;TCF3;PIAS1;SP1;SOX17;OCT4-FOXD3;MYC-SP1;LMCD1;PIASy;MYC;OCT4;FOXD3;NFYA;SUMO1;FOXA2;SOX2;PRDM14;Oct4-Sox2;NANOG;ZIC3;KLF4,HNF4A;LEF1-bCat;BMP2K;LEF1;GATA3;CEBP;CDX2;GATA2;SP3;GATA6;PBX1,0.545454545,0.454545455
P000_000_08,10,0.224726243,0.457076889,7,0.737195018,HNF4A;LEF1-bCat;FOXA1;TCF3;BMP2K;SP1;SOX17;LEF1;OCT4-FOXD3;GATA3;MYC-SP1;PIASy;MYC;CEBP;CDX2;OCT4;GATA2;FOXD3;SP3;NFYA;FOXA2;GATA6,GATA4;PIAS1;LMCD1;SUMO1;SOX2;PRDM14;Oct4-Sox2;NANOG;ZIC3;KLF4;PBX1,FOXA1;GATA4;TCF3;PIAS1;SP1;OCT4-FOXD3;MYC-SP1;LMCD1;PIASy;MYC;CEBP;OCT4;FOXD3;NFYA;SUMO1;SOX2;PRDM14;Oct4-Sox2;NANOG;ZIC3;KLF4;PBX1,HNF4A;LEF1-bCat;BMP2K;SOX17;LEF1;GATA3;CDX2;GATA2;SP3;FOXA2;GATA6,0.666666667,0.333333333
P000_000_09,10,0.252857885,0.434514698,6.666666667,0.772322449,HNF4A;LEF1-bCat;FOXA1;GATA4;TCF3;PIAS1;BMP2K;SP1;SOX17;LEF1;OCT4-FOXD3;GATA3;MYC-SP1;PIASy;MYC;CEBP;CDX2;OCT4;GATA2;FOXD3;SP3;NFYA;FOXA2;GATA6,LMCD1;SUMO1;SOX2;PRDM14;Oct4-Sox2;NANOG;ZIC3;KLF4;PBX1,FOXA1;SP1;SOX17;OCT4-FOXD3;GATA3;MYC-SP1;LMCD1;MYC;OCT4;FOXD3;NFYA;SUMO1;FOXA2;SOX2;PRDM14;Oct4-Sox2;NANOG;ZIC3;KLF4;PBX1,HNF4A;LEF1-bCat;GATA4;TCF3;PIAS1;BMP2K;LEF1;PIASy;CEBP;CDX2;GATA2;SP3;GATA6,0.666666667,0.333333333
P000_000_10,10,0.120628359,0.373034046,11,0.622287461,HNF4A;LEF1-bCat;FOXA1;TCF3;BMP2K;SP1;SOX17;LEF1;OCT4-FOXD3;GATA3;MYC-SP1;PIASy;MYC;CEBP;OCT4;GATA2;FOXD3;SP3;NFYA;FOXA2;GATA6,GATA4;PIAS1;LMCD1;CDX2;SUMO1;SOX2;PRDM14;Oct4-Sox2;NANOG;ZIC3;KLF4;PBX1,HNF4A;LEF1-bCat;BMP2K;SOX17;LEF1;GATA3;CEBP;CDX2;GATA2;SP3;FOXA2;GATA6,FOXA1;GATA4;TCF3;PIAS1;SP1;OCT4-FOXD3;MYC-SP1;LMCD1;PIASy;MYC;OCT4;FOXD3;NFYA;SUMO1;SOX2;PRDM14;Oct4-Sox2;NANOG;ZIC3;KLF4;PBX1,0.303030303,0.696969697
P000_000_11,10,0.024449605,0.362385406,10,0.675693364,HNF4A;LEF1-bCat;FOXA1;TCF3;BMP2K;SP1;SOX17;LEF1;OCT4-FOXD3;GATA3;MYC-SP1;PIASy;MYC;CEBP;OCT4;GATA2;FOXD3;SP3;NFYA;FOXA2;SOX2;GATA6;Oct4-Sox2;NANOG;ZIC3;KLF4;PBX1,GATA4;PIAS1;LMCD1;CDX2;SUMO1;PRDM14,HNF4A;LEF1-bCat;FOXA1;GATA4;TCF3;PIAS1;BMP2K;SP1;SOX17;LEF1;GATA3;MYC-SP1;PIASy;MYC;CEBP;CDX2;GATA2;SP3;GATA6,OCT4-FOXD3;LMCD1;OCT4;FOXD3;NFYA;SUMO1;FOXA2;SOX2;PRDM14;Oct4-Sox2;NANOG;ZIC3;KLF4;PBX1,0.424242424,0.575757576
P000_000_12,10,0.110288365,0.448690748,8,0.769149443,HNF4A;LEF1-bCat;FOXA1;GATA4;TCF3;BMP2K;SP1;SOX17;LEF1;OCT4-FOXD3;GATA3;MYC-SP1;PIASy;MYC;CEBP;OCT4;GATA2;FOXD3;SP3;NFYA;SUMO1;FOXA2;SOX2;PRDM14;Oct4-Sox2;NANOG;ZIC3;KLF4;PBX1,PIAS1;LMCD1;CDX2;GATA6,FOXA1;SP1;OCT4-FOXD3;MYC-SP1;LMCD1;MYC;OCT4;FOXD3;NFYA;SUMO1;SOX2;PRDM14;Oct4-Sox2;NANOG;ZIC3;KLF4;PBX1,HNF4A;LEF1-bCat;GATA4;TCF3;PIAS1;BMP2K;SOX17;LEF1;GATA3;PIASy;CEBP;CDX2;GATA2;SP3;FOXA2;GATA6,0.424242424,0.575757576
P000_000_13,10,0.184458394,0.476869747,6.666666667,0.765628148,HNF4A;LEF1-bCat;FOXA1;TCF3;BMP2K;SP1;SOX17;LEF1;OCT4-FOXD3;GATA3;MYC-SP1;PIASy;MYC;CEBP;CDX2;OCT4;GATA2;FOXD3;SP3;NFYA;FOXA2;GATA6,GATA4;PIAS1;LMCD1;SUMO1;SOX2;PRDM14;Oct4-Sox2;NANOG;ZIC3;KLF4;PBX1,HNF4A;LEF1-bCat;TCF3;PIAS1;BMP2K;SOX17;LEF1;GATA3;PIASy;CEBP;CDX2;GATA2;SP3;FOXA2;GATA6,FOXA1;GATA4;SP1;OCT4-FOXD3;MYC-SP1;LMCD1;MYC;OCT4;FOXD3;NFYA;SUMO1;SOX2;PRDM14;Oct4-Sox2;NANOG;ZIC3;KLF4;PBX1,0.242424242,0.757575758
P000_000_14,10,0.151419931,0.301505267,12.33333333,0.58232611,HNF4A;LEF1-bCat;FOXA1;GATA4;TCF3;PIAS1;BMP2K;SP1;SOX17;LEF1;OCT4-FOXD3;GATA3;MYC-SP1;LMCD1;PIASy;MYC;CEBP;OCT4;GATA2;FOXD3;SP3;NFYA;SUMO1;FOXA2;SOX2;PRDM14;Oct4-Sox2;NANOG;ZIC3;KLF4;PBX1,CDX2;GATA6,HNF4A;FOXA1;GATA4;TCF3;PIAS1;BMP2K;SP1;SOX17;LEF1;GATA3;PIASy;CEBP;CDX2;GATA2;NFYA;FOXA2;SOX2;GATA6,LEF1-bCat;OCT4-FOXD3;MYC-SP1;LMCD1;MYC;OCT4;FOXD3;SP3;SUMO1;PRDM14;Oct4-Sox2;NANOG;ZIC3;KLF4;PBX1,0.515151515,0.484848485
P000_000_15,10,0.151048479,0.390830005,6,0.725683245,HNF4A;LEF1-bCat;FOXA1;TCF3;BMP2K;SP1;SOX17;LEF1;OCT4-FOXD3;GATA3;MYC-SP1;PIASy;MYC;CEBP;CDX2;OCT4;GATA2;FOXD3;SP3;NFYA;FOXA2;GATA6,GATA4;PIAS1;LMCD1;SUMO1;SOX2;PRDM14;Oct4-Sox2;NANOG;ZIC3;KLF4;PBX1,HNF4A;LEF1-bCat;GATA4;TCF3;PIAS1;BMP2K;SOX17;LEF1;GATA3;PIASy;CEBP;CDX2;GATA2;SP3;FOXA2;GATA6,FOXA1;SP1;OCT4-FOXD3;MYC-SP1;LMCD1;MYC;OCT4;FOXD3;NFYA;SUMO1;SOX2;PRDM14;Oct4-Sox2;NANOG;ZIC3;KLF4;PBX1,0.272727273,0.727272727
P000_000_16,10,0.143181364,0.352273188,9,0.693325105,HNF4A;LEF1-bCat;FOXA1;TCF3;BMP2K;SP1;SOX17;LEF1;OCT4-FOXD3;GATA3;MYC-SP1;LMCD1;PIASy;MYC;CEBP;CDX2;OCT4;GATA2;FOXD3;SP3;NFYA;FOXA2;GATA6,GATA4;PIAS1;SUMO1;SOX2;PRDM14;Oct4-Sox2;NANOG;ZIC3;KLF4;PBX1,HNF4A;LEF1-bCat;TCF3;PIAS1;SP1;SOX17;LEF1;GATA3;MYC-SP1;PIASy;MYC;CEBP;CDX2;GATA2;SP3;FOXA2;GATA6,FOXA1;GATA4;BMP2K;OCT4-FOXD3;LMCD1;OCT4;FOXD3;NFYA;SUMO1;SOX2;PRDM14;Oct4-Sox2;NANOG;ZIC3;KLF4;PBX1,0.212121212,0.787878788
P000_000_17,10,0.142016958,0.470212831,8,0.749044961,HNF4A;LEF1-bCat;FOXA1;TCF3;BMP2K;SP1;SOX17;LEF1;OCT4-FOXD3;GATA3;MYC-SP1;PIASy;MYC;CEBP;CDX2;OCT4;GATA2;FOXD3;SP3;NFYA;FOXA2;GATA6;ZIC3,GATA4;PIAS1;LMCD1;SUMO1;SOX2;PRDM14;Oct4-Sox2;NANOG;KLF4;PBX1,FOXA1;GATA4;SP1;OCT4-FOXD3;GATA3;MYC-SP1;LMCD1;MYC;OCT4;FOXD3;NFYA;SUMO1;FOXA2;SOX2;PRDM14;Oct4-Sox2;NANOG;ZIC3;KLF4;PBX1,HNF4A;LEF1-bCat;TCF3;PIAS1;BMP2K;SOX17;LEF1;PIASy;CEBP;CDX2;GATA2;SP3;GATA6,0.636363636,0.363636364
P000_000_18,10,0.125937595,0.375352178,9,0.709252696,HNF4A;LEF1-bCat;FOXA1;GATA4;TCF3;PIAS1;BMP2K;SP1;SOX17;LEF1;OCT4-FOXD3;GATA3;MYC-SP1;LMCD1;PIASy;MYC;CEBP;CDX2;OCT4;GATA2;FOXD3;SP3;NFYA;SUMO1;FOXA2,SOX2;PRDM14;GATA6;Oct4-Sox2;NANOG;ZIC3;KLF4;PBX1,FOXA1;SP1;OCT4-FOXD3;MYC-SP1;LMCD1;MYC;OCT4;FOXD3;NFYA;SUMO1;SOX2;PRDM14;Oct4-Sox2;NANOG;ZIC3;KLF4;PBX1,HNF4A;LEF1-bCat;GATA4;TCF3;PIAS1;BMP2K;SOX17;LEF1;GATA3;PIASy;CEBP;CDX2;GATA2;SP3;FOXA2;GATA6,0.666666667,0.333333333
P000_000_19,10,0.023309693,0.263707931,13,0.473743318,HNF4A;LEF1-bCat;FOXA1;TCF3;BMP2K;SP1;SOX17;LEF1;OCT4-FOXD3;GATA3;MYC-SP1;PIASy;MYC;CEBP;CDX2;OCT4;GATA2;FOXD3;SP3;NFYA;FOXA2;SOX2;GATA6;Oct4-Sox2;NANOG;ZIC3;KLF4;PBX1,GATA4;PIAS1;LMCD1;SUMO1;PRDM14,HNF4A;LEF1-bCat;GATA4;TCF3;PIAS1;BMP2K;SP1;SOX17;LEF1;GATA3;MYC-SP1;PIASy;MYC;CEBP;CDX2;GATA2;SP3;SUMO1;PRDM14;GATA6,FOXA1;OCT4-FOXD3;LMCD1;OCT4;FOXD3;NFYA;FOXA2;SOX2;Oct4-Sox2;NANOG;ZIC3;KLF4;PBX1,0.484848485,0.515151515
P000_000_20,10,0.121778769,0.404191032,10,0.680784914,HNF4A;LEF1-bCat;FOXA1;TCF3;BMP2K;SP1;SOX17;LEF1;OCT4-FOXD3;GATA3;MYC-SP1;PIASy;MYC;CEBP;CDX2;OCT4;GATA2;FOXD3;SP3;NFYA;FOXA2;GATA6,GATA4;PIAS1;LMCD1;SUMO1;SOX2;PRDM14;Oct4-Sox2;NANOG;ZIC3;KLF4;PBX1,FOXA1;GATA4;SP1;OCT4-FOXD3;GATA3;MYC-SP1;LMCD1;MYC;OCT4;FOXD3;NFYA;SUMO1;SOX2;PRDM14;Oct4-Sox2;NANOG;ZIC3;KLF4;PBX1,HNF4A;LEF1-bCat;TCF3;PIAS1;BMP2K;SOX17;LEF1;PIASy;CEBP;CDX2;GATA2;SP3;FOXA2;GATA6,0.696969697,0.303030303
P000_000_21,10,0.160535174,0.33863328,11,0.644241879,HNF4A;LEF1-bCat;FOXA1;GATA4;TCF3;PIAS1;BMP2K;SP1;SOX17;LEF1;OCT4-FOXD3;GATA3;MYC-SP1;LMCD1;PIASy;MYC;CEBP;OCT4;GATA2;FOXD3;SP3;NFYA;SUMO1;FOXA2;SOX2;PRDM14;Oct4-Sox2;NANOG;ZIC3;KLF4;PBX1,CDX2;GATA6,HNF4A;LEF1-bCat;FOXA1;GATA4;TCF3;PIAS1;BMP2K;SOX17;LEF1;PIASy;MYC;CEBP;CDX2;GATA2;SP3;FOXA2;GATA6,SP1;OCT4-FOXD3;GATA3;MYC-SP1;LMCD1;OCT4;FOXD3;NFYA;SUMO1;SOX2;PRDM14;Oct4-Sox2;NANOG;ZIC3;KLF4;PBX1,0.545454545,0.454545455
P000_000_22,10,0.290475989,0.450426562,7,0.781963735,HNF4A;LEF1-bCat;FOXA1;GATA4;TCF3;PIAS1;BMP2K;SP1;SOX17;LEF1;OCT4-FOXD3;GATA3;MYC-SP1;LMCD1;PIASy;MYC;CEBP;OCT4;GATA2;FOXD3;SP3;NFYA;SUMO1;FOXA2;SOX2;PRDM14;Oct4-Sox2;NANOG;ZIC3;KLF4;PBX1,CDX2;GATA6,FOXA1;SP1;OCT4-FOXD3;MYC-SP1;LMCD1;MYC;OCT4;FOXD3;NFYA;SUMO1;SOX2;PRDM14;Oct4-Sox2;NANOG;ZIC3;KLF4;PBX1,HNF4A;LEF1-bCat;GATA4;TCF3;PIAS1;BMP2K;SOX17;LEF1;GATA3;PIASy;CEBP;CDX2;GATA2;SP3;FOXA2;GATA6,0.424242424,0.575757576
P000_000_23,10,0.09511288,0.390514489,10,0.635795684,HNF4A;LEF1-bCat;FOXA1;GATA4;TCF3;PIAS1;BMP2K;SP1;SOX17;LEF1;OCT4-FOXD3;GATA3;MYC-SP1;LMCD1;PIASy;MYC;CEBP;OCT4;GATA2;FOXD3;SP3;NFYA;SUMO1;FOXA2;SOX2;PRDM14;Oct4-Sox2;NANOG;ZIC3;KLF4;PBX1,CDX2;GATA6,HNF4A;LEF1-bCat;FOXA1;GATA4;TCF3;PIAS1;BMP2K;SOX17;LEF1;GATA3;PIASy;CEBP;CDX2;GATA2;SP3;FOXA2;GATA6,SP1;OCT4-FOXD3;MYC-SP1;LMCD1;MYC;OCT4;FOXD3;NFYA;SUMO1;SOX2;PRDM14;Oct4-Sox2;NANOG;ZIC3;KLF4;PBX1,0.545454545,0.454545455
P000_000_24,10,0.266916571,0.427351119,8,0.746680795,HNF4A;LEF1-bCat;FOXA1;GATA4;TCF3;PIAS1;BMP2K;SP1;SOX17;LEF1;OCT4-FOXD3;GATA3;MYC-SP1;LMCD1;PIASy;MYC;CEBP;OCT4;GATA2;FOXD3;SP3;NFYA;SUMO1;FOXA2;SOX2;PRDM14;Oct4-Sox2;NANOG;ZIC3;KLF4;PBX1,CDX2;GATA6,FOXA1;OCT4-FOXD3;LMCD1;MYC;OCT4;FOXD3;NFYA;SUMO1;SOX2;PRDM14;Oct4-Sox2;NANOG;ZIC3;KLF4;PBX1,HNF4A;LEF1-bCat;GATA4;TCF3;PIAS1;BMP2K;SP1;SOX17;LEF1;GATA3;MYC-SP1;PIASy;CEBP;CDX2;GATA2;SP3;FOXA2;GATA6,0.484848485,0.515151515
P000_000_25,10,0.081464595,0.391041399,10,0.637399702,HNF4A;LEF1-bCat;FOXA1;GATA4;TCF3;PIAS1;BMP2K;SP1;SOX17;LEF1;OCT4-FOXD3;GATA3;MYC-SP1;LMCD1;PIASy;MYC;CEBP;CDX2;OCT4;GATA2;FOXD3;SP3;NFYA;SUMO1;FOXA2;PRDM14,SOX2;GATA6;Oct4-Sox2;NANOG;ZIC3;KLF4;PBX1,HNF4A;LEF1-bCat;GATA4;TCF3;PIAS1;BMP2K;SP1;SOX17;LEF1;MYC-SP1;PIASy;MYC;CDX2;GATA2;SP3;FOXA2;GATA6,FOXA1;OCT4-FOXD3;GATA3;LMCD1;CEBP;OCT4;FOXD3;NFYA;SUMO1;SOX2;PRDM14;Oct4-Sox2;NANOG;ZIC3;KLF4;PBX1,0.303030303,0.696969697
P000_000_26,10,0.188166674,0.422723726,8,0.752117401,HNF4A;LEF1-bCat;FOXA1;TCF3;BMP2K;SP1;SOX17;LEF1;OCT4-FOXD3;GATA3;MYC-SP1;PIASy;MYC;CEBP;OCT4;GATA2;FOXD3;SP3;NFYA;FOXA2;GATA6,GATA4;PIAS1;LMCD1;CDX2;SUMO1;SOX2;PRDM14;Oct4-Sox2;NANOG;ZIC3;KLF4;PBX1,FOXA1;GATA4;SP1;MYC-SP1;LMCD1;MYC;CDX2;OCT4;FOXD3;NFYA;SUMO1;SOX2;PRDM14;Oct4-Sox2;NANOG;ZIC3;KLF4;PBX1,HNF4A;LEF1-bCat;TCF3;PIAS1;BMP2K;SOX17;LEF1;OCT4-FOXD3;GATA3;PIASy;CEBP;GATA2;SP3;FOXA2;GATA6,0.757575758,0.242424242
P000_000_27,10,0.178238763,0.404401394,7,0.761443452,HNF4A;LEF1-bCat;FOXA1;TCF3;BMP2K;SP1;SOX17;LEF1;OCT4-FOXD3;GATA3;MYC-SP1;PIASy;MYC;CEBP;CDX2;OCT4;GATA2;FOXD3;SP3;NFYA;FOXA2;GATA6,GATA4;PIAS1;LMCD1;SUMO1;SOX2;PRDM14;Oct4-Sox2;NANOG;ZIC3;KLF4;PBX1,HNF4A;LEF1-bCat;FOXA1;GATA4;TCF3;PIAS1;BMP2K;SP1;SOX17;LEF1;GATA3;MYC-SP1;PIASy;MYC;CEBP;CDX2;GATA2;SP3;FOXA2;GATA6,OCT4-FOXD3;LMCD1;OCT4;FOXD3;NFYA;SUMO1;SOX2;PRDM14;Oct4-Sox2;NANOG;ZIC3;KLF4;PBX1,0.151515152,0.848484848
P000_000_28,10,0.160610567,0.355943467,10,0.675958632,HNF4A;LEF1-bCat;FOXA1;TCF3;BMP2K;SP1;SOX17;LEF1;OCT4-FOXD3;GATA3;MYC-SP1;PIASy;MYC;CEBP;CDX2;OCT4;GATA2;FOXD3;SP3;NFYA;FOXA2;GATA6,GATA4;PIAS1;LMCD1;SUMO1;SOX2;PRDM14;Oct4-Sox2;NANOG;ZIC3;KLF4;PBX1,FOXA1;TCF3;PIAS1;SP1;OCT4-FOXD3;MYC-SP1;LMCD1;PIASy;MYC;OCT4;GATA2;FOXD3;NFYA;SUMO1;SOX2;PRDM14;Oct4-Sox2;NANOG;ZIC3;KLF4;PBX1,HNF4A;LEF1-bCat;GATA4;BMP2K;SOX17;LEF1;GATA3;CEBP;CDX2;SP3;FOXA2;GATA6,0.636363636,0.363636364
P000_000_29,10,0.253633982,0.371540126,8,0.760166194,HNF4A;LEF1-bCat;FOXA1;GATA4;TCF3;PIAS1;BMP2K;SP1;SOX17;LEF1;OCT4-FOXD3;GATA3;MYC-SP1;PIASy;MYC;CEBP;CDX2;OCT4;GATA2;FOXD3;SP3;NFYA;SUMO1;FOXA2;GATA6,LMCD1;SOX2;PRDM14;Oct4-Sox2;NANOG;ZIC3;KLF4;PBX1,HNF4A;LEF1-bCat;FOXA1;GATA4;TCF3;PIAS1;BMP2K;SP1;SOX17;LEF1;GATA3;MYC-SP1;PIASy;MYC;CEBP;CDX2;GATA2;SP3;FOXA2;GATA6,OCT4-FOXD3;LMCD1;OCT4;FOXD3;NFYA;SUMO1;SOX2;PRDM14;Oct4-Sox2;NANOG;ZIC3;KLF4;PBX1,0.121212121,0.878787879
P000_000_30,10,0.08570265,0.343184632,11,0.647862073,HNF4A;LEF1-bCat;FOXA1;GATA4;TCF3;BMP2K;SP1;SOX17;LEF1;OCT4-FOXD3;GATA3;MYC-SP1;LMCD1;PIASy;MYC;CEBP;OCT4;GATA2;FOXD3;SP3;NFYA;SUMO1;FOXA2;SOX2;PRDM14;Oct4-Sox2;NANOG;ZIC3;KLF4;PBX1,PIAS1;CDX2;GATA6,HNF4A;LEF1-bCat;FOXA1;GATA4;TCF3;PIAS1;BMP2K;SP1;SOX17;LEF1;GATA3;LMCD1;PIASy;CEBP;CDX2;GATA2;SP3;FOXA2;GATA6,OCT4-FOXD3;MYC-SP1;MYC;OCT4;FOXD3;NFYA;SUMO1;SOX2;PRDM14;Oct4-Sox2;NANOG;ZIC3;KLF4;PBX1,0.515151515,0.484848485
P000_000_31,10,0.179546966,0.390532926,8,0.754688294,HNF4A;LEF1-bCat;FOXA1;TCF3;BMP2K;SP1;SOX17;LEF1;OCT4-FOXD3;GATA3;MYC-SP1;PIASy;MYC;CEBP;CDX2;OCT4;GATA2;FOXD3;SP3;NFYA;FOXA2;GATA6,GATA4;PIAS1;LMCD1;SUMO1;SOX2;PRDM14;Oct4-Sox2;NANOG;ZIC3;KLF4;PBX1,FOXA1;SP1;MYC-SP1;LMCD1;MYC;OCT4;FOXD3;NFYA;SUMO1;SOX2;PRDM14;Oct4-Sox2;NANOG;ZIC3;KLF4;PBX1,HNF4A;LEF1-bCat;GATA4;TCF3;PIAS1;BMP2K;SOX17;LEF1;OCT4-FOXD3;GATA3;PIASy;CEBP;CDX2;GATA2;SP3;FOXA2;GATA6,0.727272727,0.272727273
P000_000_32,10,0.112328585,0.397378154,10,0.692683798,HNF4A;LEF1-bCat;FOXA1;TCF3;PIAS1;BMP2K;SP1;SOX17;LEF1;OCT4-FOXD3;GATA3;MYC-SP1;PIASy;MYC;CEBP;CDX2;OCT4;GATA2;FOXD3;SP3;NFYA;FOXA2;GATA6,GATA4;LMCD1;SUMO1;SOX2;PRDM14;Oct4-Sox2;NANOG;ZIC3;KLF4;PBX1,HNF4A;LEF1-bCat;BMP2K;LEF1;GATA3;CEBP;CDX2;SP3;GATA6,FOXA1;GATA4;TCF3;PIAS1;SP1;SOX17;OCT4-FOXD3;MYC-SP1;LMCD1;PIASy;MYC;OCT4;GATA2;FOXD3;NFYA;SUMO1;FOXA2;SOX2;PRDM14;Oct4-Sox2;NANOG;ZIC3;KLF4;PBX1,0.393939394,0.606060606
P000_000_33,10,0.148336054,0.361050115,8,0.752396238,HNF4A;LEF1-bCat;FOXA1;TCF3;BMP2K;SP1;SOX17;LEF1;OCT4-FOXD3;GATA3;MYC-SP1;PIASy;MYC;CEBP;CDX2;OCT4;GATA2;FOXD3;SP3;NFYA;SUMO1;FOXA2;GATA6,GATA4;PIAS1;LMCD1;SOX2;PRDM14;Oct4-Sox2;NANOG;ZIC3;KLF4;PBX1,FOXA1;SP1;SOX17;OCT4-FOXD3;GATA3;MYC-SP1;LMCD1;MYC;OCT4;GATA2;FOXD3;NFYA;SUMO1;SOX2;PRDM14;Oct4-Sox2;NANOG;ZIC3;KLF4;PBX1,HNF4A;LEF1-bCat;GATA4;TCF3;PIAS1;BMP2K;LEF1;PIASy;CEBP;CDX2;SP3;FOXA2;GATA6,0.575757576,0.424242424
P000_000_34,10,0.225893165,0.378091282,10.33333333,0.662199211,HNF4A;LEF1-bCat;FOXA1;GATA4;TCF3;PIAS1;BMP2K;SP1;SOX17;LEF1;OCT4-FOXD3;GATA3;MYC-SP1;LMCD1;PIASy;MYC;CEBP;OCT4;GATA2;FOXD3;SP3;NFYA;SUMO1;FOXA2;SOX2;PRDM14;Oct4-Sox2;NANOG;ZIC3;KLF4;PBX1,CDX2;GATA6,FOXA1;GATA4;TCF3;PIAS1;SP1;SOX17;OCT4-FOXD3;MYC-SP1;LMCD1;PIASy;MYC;OCT4;FOXD3;NFYA;SUMO1;FOXA2;SOX2;PRDM14;Oct4-Sox2;NANOG;ZIC3;KLF4;PBX1,HNF4A;LEF1-bCat;BMP2K;LEF1;GATA3;CEBP;CDX2;GATA2;SP3;GATA6,0.242424242,0.757575758
P000_000_35,10,0.127247364,0.231202275,12,0.563709866,HNF4A;LEF1-bCat;FOXA1;TCF3;BMP2K;SP1;SOX17;LEF1;OCT4-FOXD3;GATA3;MYC-SP1;PIASy;MYC;CEBP;CDX2;OCT4;GATA2;FOXD3;SP3;NFYA;FOXA2;GATA6,GATA4;PIAS1;LMCD1;SUMO1;SOX2;PRDM14;Oct4-Sox2;NANOG;ZIC3;KLF4;PBX1,SP1;OCT4-FOXD3;MYC-SP1;LMCD1;MYC;OCT4;FOXD3;SUMO1;PRDM14;Oct4-Sox2;NANOG;ZIC3;KLF4;PBX1,HNF4A;LEF1-bCat;FOXA1;GATA4;TCF3;PIAS1;BMP2K;SOX17;LEF1;GATA3;PIASy;CEBP;CDX2;GATA2;SP3;NFYA;FOXA2;SOX2;GATA6,0.727272727,0.272727273
P000_000_36,10,0.069133385,0.296003827,14,0.548977185,HNF4A;LEF1-bCat;FOXA1;TCF3;BMP2K;SP1;SOX17;LEF1;OCT4-FOXD3;GATA3;MYC-SP1;PIASy;MYC;CEBP;OCT4;GATA2;FOXD3;SP3;NFYA;FOXA2;SOX2;PRDM14;GATA6,GATA4;PIAS1;LMCD1;CDX2;SUMO1;Oct4-Sox2;NANOG;ZIC3;KLF4;PBX1,HNF4A;FOXA1;TCF3;PIAS1;BMP2K;SP1;OCT4-FOXD3;MYC-SP1;LMCD1;PIASy;MYC;OCT4;FOXD3;NFYA;SUMO1;FOXA2;SOX2;PRDM14;Oct4-Sox2;NANOG;ZIC3;KLF4;PBX1,LEF1-bCat;GATA4;SOX17;LEF1;GATA3;CEBP;CDX2;GATA2;SP3;GATA6,0.484848485,0.515151515
P000_000_37,10,0.222949001,0.36910059,10,0.650299139,HNF4A;LEF1-bCat;FOXA1;GATA4;TCF3;PIAS1;BMP2K;SP1;SOX17;LEF1;OCT4-FOXD3;GATA3;MYC-SP1;LMCD1;PIASy;MYC;CEBP;OCT4;GATA2;FOXD3;SP3;NFYA;SUMO1;FOXA2;SOX2;PRDM14;Oct4-Sox2;NANOG;ZIC3;KLF4;PBX1,CDX2;GATA6,HNF4A;LEF1-bCat;GATA4;TCF3;PIAS1;BMP2K;SOX17;LEF1;GATA3;PIASy;CEBP;CDX2;GATA2;SP3;FOXA2;GATA6,FOXA1;SP1;OCT4-FOXD3;MYC-SP1;LMCD1;MYC;OCT4;FOXD3;NFYA;SUMO1;SOX2;PRDM14;Oct4-Sox2;NANOG;ZIC3;KLF4;PBX1,0.575757576,0.424242424
P000_000_38,10,0.120009999,0.37139759,9,0.709872649,HNF4A;LEF1-bCat;FOXA1;TCF3;BMP2K;SP1;SOX17;LEF1;OCT4-FOXD3;GATA3;MYC-SP1;PIASy;MYC;CEBP;CDX2;OCT4;GATA2;FOXD3;SP3;NFYA;FOXA2;GATA6,GATA4;PIAS1;LMCD1;SUMO1;SOX2;PRDM14;Oct4-Sox2;NANOG;ZIC3;KLF4;PBX1,HNF4A;LEF1-bCat;FOXA1;GATA4;TCF3;PIAS1;BMP2K;SP1;LEF1;GATA3;MYC-SP1;PIASy;MYC;CEBP;CDX2;GATA2;SP3;GATA6,SOX17;OCT4-FOXD3;LMCD1;OCT4;FOXD3;NFYA;SUMO1;FOXA2;SOX2;PRDM14;Oct4-Sox2;NANOG;ZIC3;KLF4;PBX1,0.242424242,0.757575758
P000_000_39,10,0.086045122,0.330499314,10.33333333,0.659304148,HNF4A;LEF1-bCat;FOXA1;TCF3;BMP2K;SP1;SOX17;LEF1;OCT4-FOXD3;GATA3;MYC-SP1;LMCD1;PIASy;MYC;CEBP;CDX2;OCT4;GATA2;FOXD3;SP3;NFYA;FOXA2;SOX2;PRDM14;Oct4-Sox2;NANOG;ZIC3;KLF4;PBX1,GATA4;PIAS1;SUMO1;GATA6,FOXA1;OCT4-FOXD3;LMCD1;OCT4;FOXD3;SP3;NFYA;SUMO1;SOX2;PRDM14;Oct4-Sox2;NANOG;ZIC3;KLF4;PBX1,HNF4A;LEF1-bCat;GATA4;TCF3;PIAS1;BMP2K;SP1;SOX17;LEF1;GATA3;MYC-SP1;PIASy;MYC;CEBP;CDX2;GATA2;FOXA2;GATA6,0.484848485,0.515151515
P000_000_40,10,0.024084479,0.326853455,13,0.569474542,HNF4A;LEF1-bCat;FOXA1;GATA4;TCF3;PIAS1;BMP2K;SP1;SOX17;LEF1;OCT4-FOXD3;GATA3;MYC-SP1;LMCD1;PIASy;MYC;CEBP;CDX2;OCT4;GATA2;FOXD3;SP3;NFYA;SUMO1;FOXA2;SOX2;PRDM14;NANOG;ZIC3;KLF4;PBX1,GATA6;Oct4-Sox2,FOXA1;SP1;OCT4-FOXD3;MYC-SP1;LMCD1;MYC;CDX2;OCT4;FOXD3;NFYA;SUMO1;SOX2;PRDM14;Oct4-Sox2;NANOG;ZIC3;KLF4,HNF4A;LEF1-bCat;GATA4;TCF3;PIAS1;BMP2K;SOX17;LEF1;GATA3;PIASy;CEBP;GATA2;SP3;FOXA2;GATA6;PBX1,0.484848485,0.515151515
P000_000_41,10,0.116355055,0.35531285,9,0.692040811,HNF4A;LEF1-bCat;FOXA1;TCF3;BMP2K;SP1;SOX17;LEF1;OCT4-FOXD3;GATA3;MYC-SP1;PIASy;MYC;CEBP;CDX2;OCT4;GATA2;FOXD3;SP3;NFYA;FOXA2;GATA6,GATA4;PIAS1;LMCD1;SUMO1;SOX2;PRDM14;Oct4-Sox2;NANOG;ZIC3;KLF4;PBX1,HNF4A;LEF1-bCat;FOXA1;TCF3;PIAS1;BMP2K;SOX17;LEF1;GATA3;PIASy;MYC;CEBP;CDX2;GATA2;SP3;FOXA2;GATA6,GATA4;SP1;OCT4-FOXD3;MYC-SP1;LMCD1;OCT4;FOXD3;NFYA;SUMO1;SOX2;PRDM14;Oct4-Sox2;NANOG;ZIC3;KLF4;PBX1,0.181818182,0.818181818
P000_000_42,10,0.132846207,0.308723785,12,0.595958254,HNF4A;LEF1-bCat;FOXA1;GATA4;TCF3;PIAS1;BMP2K;SP1;SOX17;LEF1;OCT4-FOXD3;GATA3;MYC-SP1;LMCD1;PIASy;MYC;CEBP;OCT4;GATA2;FOXD3;SP3;NFYA;SUMO1;FOXA2;SOX2;PRDM14;Oct4-Sox2;NANOG;ZIC3;KLF4;PBX1,CDX2;GATA6,LEF1-bCat;FOXA1;LEF1;OCT4-FOXD3;LMCD1;MYC;OCT4;FOXD3;SUMO1;PRDM14;Oct4-Sox2;NANOG;KLF4;PBX1,HNF4A;GATA4;TCF3;PIAS1;BMP2K;SP1;SOX17;GATA3;MYC-SP1;PIASy;CEBP;CDX2;GATA2;SP3;NFYA;FOXA2;SOX2;GATA6;ZIC3,0.515151515,0.484848485
P000_000_43,10,0.184365395,0.412627939,7,0.768180112,HNF4A;LEF1-bCat;FOXA1;TCF3;BMP2K;SP1;SOX17;LEF1;OCT4-FOXD3;GATA3;MYC-SP1;PIASy;MYC;CEBP;CDX2;OCT4;GATA2;FOXD3;SP3;NFYA;FOXA2;GATA6,GATA4;PIAS1;LMCD1;SUMO1;SOX2;PRDM14;Oct4-Sox2;NANOG;ZIC3;KLF4;PBX1,HNF4A;LEF1-bCat;FOXA1;GATA4;TCF3;PIAS1;BMP2K;SP1;SOX17;LEF1;GATA3;MYC-SP1;PIASy;MYC;CEBP;CDX2;GATA2;SP3;GATA6,OCT4-FOXD3;LMCD1;OCT4;FOXD3;NFYA;SUMO1;FOXA2;SOX2;PRDM14;Oct4-Sox2;NANOG;ZIC3;KLF4;PBX1,0.181818182,0.818181818
P000_000_44,10,0.112353442,0.35343063,11,0.643261545,HNF4A;LEF1-bCat;FOXA1;TCF3;BMP2K;SP1;SOX17;LEF1;OCT4-FOXD3;GATA3;MYC-SP1;LMCD1;PIASy;MYC;CEBP;CDX2;OCT4;GATA2;FOXD3;SP3;NFYA;FOXA2;GATA6,GATA4;PIAS1;SUMO1;SOX2;PRDM14;Oct4-Sox2;NANOG;ZIC3;KLF4;PBX1,HNF4A;LEF1-bCat;GATA4;TCF3;PIAS1;BMP2K;SOX17;LEF1;GATA3;PIASy;CEBP;CDX2;GATA2;SP3;FOXA2;GATA6,FOXA1;SP1;OCT4-FOXD3;MYC-SP1;LMCD1;MYC;OCT4;FOXD3;NFYA;SUMO1;SOX2;PRDM14;Oct4-Sox2;NANOG;ZIC3;KLF4;PBX1,0.333333333,0.666666667
P000_000_45,10,0.197212635,0.403219193,8,0.707822674,HNF4A;LEF1-bCat;FOXA1;TCF3;BMP2K;SP1;SOX17;LEF1;OCT4-FOXD3;GATA3;MYC-SP1;PIASy;MYC;CEBP;CDX2;OCT4;GATA2;FOXD3;SP3;NFYA;FOXA2;PRDM14;GATA6,GATA4;PIAS1;LMCD1;SUMO1;SOX2;Oct4-Sox2;NANOG;ZIC3;KLF4;PBX1,HNF4A;LEF1-bCat;TCF3;PIAS1;BMP2K;SOX17;LEF1;GATA3;PIASy;MYC;CEBP;CDX2;GATA2;SP3;FOXA2;GATA6,FOXA1;GATA4;SP1;OCT4-FOXD3;MYC-SP1;LMCD1;OCT4;FOXD3;NFYA;SUMO1;SOX2;PRDM14;Oct4-Sox2;NANOG;ZIC3;KLF4;PBX1,0.242424242,0.757575758
P000_000_46,10,0.147891115,0.411984319,9,0.719561637,HNF4A;LEF1-bCat;FOXA1;GATA4;TCF3;PIAS1;BMP2K;SP1;SOX17;LEF1;OCT4-FOXD3;GATA3;MYC-SP1;LMCD1;PIASy;MYC;CEBP;OCT4;GATA2;FOXD3;SP3;NFYA;SUMO1;FOXA2;SOX2;PRDM14;Oct4-Sox2;NANOG;ZIC3;KLF4;PBX1,CDX2;GATA6,HNF4A;LEF1-bCat;GATA4;TCF3;PIAS1;BMP2K;SP1;SOX17;LEF1;GATA3;MYC-SP1;PIASy;MYC;CEBP;CDX2;GATA2;NFYA;FOXA2;GATA6,FOXA1;OCT4-FOXD3;LMCD1;OCT4;FOXD3;SP3;SUMO1;SOX2;PRDM14;Oct4-Sox2;NANOG;ZIC3;KLF4;PBX1,0.484848485,0.515151515
P000_000_47,10,0.247031175,0.428646417,8,0.747233219,HNF4A;LEF1-bCat;FOXA1;GATA4;TCF3;PIAS1;BMP2K;SP1;SOX17;LEF1;OCT4-FOXD3;GATA3;MYC-SP1;LMCD1;PIASy;MYC;CEBP;OCT4;GATA2;FOXD3;SP3;NFYA;SUMO1;FOXA2;SOX2;PRDM14;Oct4-Sox2;NANOG;ZIC3;KLF4;PBX1,CDX2;GATA6,FOXA1;SP1;OCT4-FOXD3;MYC-SP1;LMCD1;MYC;OCT4;FOXD3;NFYA;SUMO1;SOX2;PRDM14;Oct4-Sox2;NANOG;ZIC3;KLF4;PBX1,HNF4A;LEF1-bCat;GATA4;TCF3;PIAS1;BMP2K;SOX17;LEF1;GATA3;PIASy;CEBP;CDX2;GATA2;SP3;FOXA2;GATA6,0.424242424,0.575757576
P000_000_48,10,0.216542275,0.417518604,8,0.730144129,HNF4A;LEF1-bCat;FOXA1;GATA4;TCF3;PIAS1;BMP2K;SP1;SOX17;LEF1;OCT4-FOXD3;GATA3;MYC-SP1;LMCD1;PIASy;MYC;CEBP;CDX2;OCT4;GATA2;FOXD3;SP3;NFYA;SUMO1;FOXA2;GATA6,SOX2;PRDM14;Oct4-Sox2;NANOG;ZIC3;KLF4;PBX1,HNF4A;LEF1-bCat;FOXA1;GATA4;TCF3;PIAS1;BMP2K;SOX17;LEF1;GATA3;PIASy;CEBP;CDX2;GATA2;SP3;GATA6,SP1;OCT4-FOXD3;MYC-SP1;LMCD1;MYC;OCT4;FOXD3;NFYA;SUMO1;FOXA2;SOX2;PRDM14;Oct4-Sox2;NANOG;ZIC3;KLF4;PBX1,0.272727273,0.727272727
P000_000_49,10,0.105521031,0.42023112,8,0.71243028,HNF4A;LEF1-bCat;FOXA1;GATA4;TCF3;PIAS1;BMP2K;SP1;SOX17;LEF1;OCT4-FOXD3;GATA3;MYC-SP1;LMCD1;PIASy;MYC;CEBP;OCT4;GATA2;FOXD3;SP3;NFYA;SUMO1;FOXA2;SOX2;PRDM14;Oct4-Sox2;NANOG;ZIC3;KLF4;PBX1,CDX2;GATA6,HNF4A;LEF1-bCat;GATA4;TCF3;PIAS1;BMP2K;SOX17;LEF1;GATA3;PIASy;CEBP;GATA2;SP3;FOXA2;GATA6,FOXA1;SP1;OCT4-FOXD3;MYC-SP1;LMCD1;MYC;CDX2;OCT4;FOXD3;NFYA;SUMO1;SOX2;PRDM14;Oct4-Sox2;NANOG;ZIC3;KLF4;PBX1,0.545454545,0.454545455
P000_000_50,10,0.166094723,0.402074817,7,0.761122748,HNF4A;LEF1-bCat;FOXA1;TCF3;BMP2K;SP1;SOX17;LEF1;OCT4-FOXD3;GATA3;MYC-SP1;PIASy;MYC;CEBP;CDX2;OCT4;GATA2;FOXD3;SP3;NFYA;FOXA2;GATA6,GATA4;PIAS1;LMCD1;SUMO1;SOX2;PRDM14;Oct4-Sox2;NANOG;ZIC3;KLF4;PBX1,HNF4A;LEF1-bCat;FOXA1;GATA4;TCF3;PIAS1;BMP2K;SP1;SOX17;LEF1;GATA3;MYC-SP1;PIASy;MYC;CEBP;CDX2;GATA2;SUMO1;FOXA2;GATA6,OCT4-FOXD3;LMCD1;OCT4;FOXD3;SP3;NFYA;SOX2;PRDM14;Oct4-Sox2;NANOG;ZIC3;KLF4;PBX1,0.212121212,0.787878788
P000_000_51,10,0.051261958,0.327578146,13,0.613716439,HNF4A;LEF1-bCat;FOXA1;TCF3;BMP2K;SP1;SOX17;LEF1;OCT4-FOXD3;GATA3;MYC-SP1;LMCD1;PIASy;MYC;CEBP;CDX2;OCT4;GATA2;FOXD3;SP3;NFYA;FOXA2;GATA6,GATA4;PIAS1;SUMO1;SOX2;PRDM14;Oct4-Sox2;NANOG;ZIC3;KLF4;PBX1,HNF4A;GATA4;BMP2K;SOX17;CEBP;CDX2;GATA2;SP3;SUMO1;FOXA2;GATA6;PBX1,LEF1-bCat;FOXA1;TCF3;PIAS1;SP1;LEF1;OCT4-FOXD3;GATA3;MYC-SP1;LMCD1;PIASy;MYC;OCT4;FOXD3;NFYA;SOX2;PRDM14;Oct4-Sox2;NANOG;ZIC3;KLF4,0.515151515,0.484848485
P000_000_52,10,0.151439627,0.386936761,10,0.671835524,HNF4A;LEF1-bCat;FOXA1;TCF3;BMP2K;SP1;SOX17;LEF1;OCT4-FOXD3;GATA3;MYC-SP1;PIASy;MYC;CEBP;OCT4;GATA2;FOXD3;SP3;NFYA;FOXA2;GATA6,GATA4;PIAS1;LMCD1;CDX2;SUMO1;SOX2;PRDM14;Oct4-Sox2;NANOG;ZIC3;KLF4;PBX1,HNF4A;LEF1-bCat;BMP2K;SOX17;LEF1;GATA3;CEBP;CDX2;GATA2;SP3;GATA6,FOXA1;GATA4;TCF3;PIAS1;SP1;OCT4-FOXD3;MYC-SP1;LMCD1;PIASy;MYC;OCT4;FOXD3;NFYA;SUMO1;FOXA2;SOX2;PRDM14;Oct4-Sox2;NANOG;ZIC3;KLF4;PBX1,0.333333333,0.666666667
P000_000_53,10,0.226193457,0.421014955,8,0.744666581,HNF4A;LEF1-bCat;FOXA1;TCF3;BMP2K;SP1;SOX17;LEF1;OCT4-FOXD3;GATA3;MYC-SP1;PIASy;MYC;CEBP;CDX2;OCT4;GATA2;FOXD3;SP3;NFYA;FOXA2;GATA6,GATA4;PIAS1;LMCD1;SUMO1;SOX2;PRDM14;Oct4-Sox2;NANOG;ZIC3;KLF4;PBX1,HNF4A;LEF1-bCat;FOXA1;TCF3;PIAS1;BMP2K;SOX17;LEF1;GATA3;PIASy;MYC;CEBP;CDX2;GATA2;SP3;FOXA2;GATA6,GATA4;SP1;OCT4-FOXD3;MYC-SP1;LMCD1;OCT4;FOXD3;NFYA;SUMO1;SOX2;PRDM14;Oct4-Sox2;NANOG;ZIC3;KLF4;PBX1,0.181818182,0.818181818
P000_000_54,10,0.097744334,0.380532947,10.66666667,0.626279867,HNF4A;LEF1-bCat;FOXA1;TCF3;BMP2K;SP1;SOX17;LEF1;OCT4-FOXD3;GATA3;MYC-SP1;PIASy;MYC;CEBP;CDX2;OCT4;GATA2;FOXD3;SP3;NFYA;FOXA2;GATA6;ZIC3,GATA4;PIAS1;LMCD1;SUMO1;SOX2;PRDM14;Oct4-Sox2;NANOG;KLF4;PBX1,FOXA1;SP1;OCT4-FOXD3;LMCD1;MYC;OCT4;FOXD3;NFYA;SUMO1;SOX2;PRDM14;Oct4-Sox2;NANOG;ZIC3;KLF4;PBX1,HNF4A;LEF1-bCat;GATA4;TCF3;PIAS1;BMP2K;SOX17;LEF1;GATA3;MYC-SP1;PIASy;CEBP;CDX2;GATA2;SP3;FOXA2;GATA6,0.696969697,0.303030303
P000_000_55,10,0.154959024,0.423949095,7,0.766611886,HNF4A;LEF1-bCat;FOXA1;TCF3;BMP2K;SP1;SOX17;LEF1;OCT4-FOXD3;GATA3;MYC-SP1;PIASy;MYC;CEBP;CDX2;OCT4;GATA2;FOXD3;SP3;NFYA;FOXA2;GATA6,GATA4;PIAS1;LMCD1;SUMO1;SOX2;PRDM14;Oct4-Sox2;NANOG;ZIC3;KLF4;PBX1,LEF1-bCat;FOXA1;BMP2K;SP1;LEF1;OCT4-FOXD3;MYC-SP1;LMCD1;MYC;OCT4;FOXD3;NFYA;SUMO1;SOX2;PRDM14;Oct4-Sox2;NANOG;ZIC3;KLF4;PBX1,HNF4A;GATA4;TCF3;PIAS1;SOX17;GATA3;PIASy;CEBP;CDX2;GATA2;SP3;FOXA2;GATA6,0.606060606,0.393939394
P000_000_56,10,0.181211771,0.402208378,8,0.743903809,HNF4A;LEF1-bCat;FOXA1;GATA4;TCF3;PIAS1;BMP2K;SP1;SOX17;LEF1;OCT4-FOXD3;GATA3;MYC-SP1;LMCD1;PIASy;MYC;CEBP;OCT4;GATA2;FOXD3;SP3;NFYA;SUMO1;FOXA2;SOX2;PRDM14;Oct4-Sox2;NANOG;ZIC3;KLF4;PBX1,CDX2;GATA6,OCT4-FOXD3;LMCD1;MYC;OCT4;FOXD3;SP3;NFYA;SUMO1;SOX2;PRDM14;Oct4-Sox2;NANOG;ZIC3;KLF4;PBX1,HNF4A;LEF1-bCat;FOXA1;GATA4;TCF3;PIAS1;BMP2K;SP1;SOX17;LEF1;GATA3;MYC-SP1;PIASy;CEBP;CDX2;GATA2;FOXA2;GATA6,0.484848485,0.515151515
P000_000_57,10,0.177226502,0.420423749,7,0.759309836,HNF4A;LEF1-bCat;FOXA1;TCF3;BMP2K;SP1;SOX17;LEF1;OCT4-FOXD3;GATA3;MYC-SP1;PIASy;MYC;CEBP;CDX2;OCT4;GATA2;FOXD3;SP3;NFYA;FOXA2;GATA6,GATA4;PIAS1;LMCD1;SUMO1;SOX2;PRDM14;Oct4-Sox2;NANOG;ZIC3;KLF4;PBX1,HNF4A;LEF1-bCat;GATA4;TCF3;PIAS1;BMP2K;LEF1;GATA3;PIASy;CEBP;CDX2;GATA2;SP3;GATA6,FOXA1;SP1;SOX17;OCT4-FOXD3;MYC-SP1;LMCD1;MYC;OCT4;FOXD3;NFYA;SUMO1;FOXA2;SOX2;PRDM14;Oct4-Sox2;NANOG;ZIC3;KLF4;PBX1,0.333333333,0.666666667
P000_000_58,10,0.173952498,0.361320107,8,0.74398293,HNF4A;LEF1-bCat;FOXA1;TCF3;BMP2K;SP1;SOX17;LEF1;OCT4-FOXD3;GATA3;MYC-SP1;PIASy;MYC;CEBP;CDX2;OCT4;GATA2;FOXD3;SP3;NFYA;SUMO1;FOXA2;GATA6,GATA4;PIAS1;LMCD1;SOX2;PRDM14;Oct4-Sox2;NANOG;ZIC3;KLF4;PBX1,HNF4A;LEF1-bCat;FOXA1;GATA4;TCF3;PIAS1;BMP2K;SOX17;LEF1;GATA3;PIASy;CEBP;CDX2;GATA2;SP3;FOXA2;GATA6,SP1;OCT4-FOXD3;MYC-SP1;LMCD1;MYC;OCT4;FOXD3;NFYA;SUMO1;SOX2;PRDM14;Oct4-Sox2;NANOG;ZIC3;KLF4;PBX1,0.272727273,0.727272727
P000_000_59,10,0.21929801,0.400563744,8,0.746460111,HNF4A;LEF1-bCat;FOXA1;GATA4;TCF3;PIAS1;BMP2K;SP1;SOX17;LEF1;OCT4-FOXD3;GATA3;MYC-SP1;LMCD1;PIASy;MYC;CEBP;OCT4;GATA2;FOXD3;SP3;NFYA;SUMO1;FOXA2;SOX2;PRDM14;Oct4-Sox2;NANOG;ZIC3;KLF4;PBX1,CDX2;GATA6,SP1;OCT4-FOXD3;LMCD1;OCT4;FOXD3;NFYA;SUMO1;SOX2;PRDM14;Oct4-Sox2;NANOG;KLF4;PBX1,HNF4A;LEF1-bCat;FOXA1;GATA4;TCF3;PIAS1;BMP2K;SOX17;LEF1;GATA3;MYC-SP1;PIASy;MYC;CEBP;CDX2;GATA2;SP3;FOXA2;GATA6;ZIC3,0.545454545,0.454545455
P000_000_60,10,0.132619137,0.450598429,7,0.767987385,HNF4A;LEF1-bCat;FOXA1;GATA4;TCF3;PIAS1;BMP2K;SP1;SOX17;LEF1;OCT4-FOXD3;GATA3;MYC-SP1;PIASy;MYC;CEBP;OCT4;GATA2;FOXD3;SP3;NFYA;SUMO1;FOXA2;SOX2;PRDM14;Oct4-Sox2;NANOG;ZIC3;KLF4;PBX1,LMCD1;CDX2;GATA6,FOXA1;GATA4;SP1;OCT4-FOXD3;MYC-SP1;LMCD1;MYC;OCT4;FOXD3;NFYA;SUMO1;SOX2;PRDM14;Oct4-Sox2;NANOG;ZIC3;KLF4;PBX1,HNF4A;LEF1-bCat;TCF3;PIAS1;BMP2K;SOX17;LEF1;GATA3;PIASy;CEBP;CDX2;GATA2;SP3;FOXA2;GATA6,0.424242424,0.575757576
P000_000_61,10,0.127060615,0.423416341,8,0.734220005,HNF4A;LEF1-bCat;FOXA1;TCF3;BMP2K;SP1;SOX17;LEF1;OCT4-FOXD3;GATA3;MYC-SP1;PIASy;MYC;CEBP;CDX2;OCT4;GATA2;FOXD3;SP3;NFYA;FOXA2;GATA6,GATA4;PIAS1;LMCD1;SUMO1;SOX2;PRDM14;Oct4-Sox2;NANOG;ZIC3;KLF4;PBX1,FOXA1;SP1;OCT4-FOXD3;MYC-SP1;LMCD1;MYC;OCT4;GATA2;FOXD3;NFYA;SUMO1;SOX2;PRDM14;Oct4-Sox2;NANOG;ZIC3;KLF4;PBX1,HNF4A;LEF1-bCat;GATA4;TCF3;PIAS1;BMP2K;SOX17;LEF1;GATA3;PIASy;CEBP;CDX2;SP3;FOXA2;GATA6,0.666666667,0.333333333
P000_000_62,10,0.186022186,0.455717008,7,0.744175141,HNF4A;LEF1-bCat;FOXA1;TCF3;BMP2K;SP1;SOX17;LEF1;OCT4-FOXD3;GATA3;MYC-SP1;PIASy;MYC;CEBP;CDX2;OCT4;GATA2;FOXD3;SP3;NFYA;FOXA2;GATA6,GATA4;PIAS1;LMCD1;SUMO1;SOX2;PRDM14;Oct4-Sox2;NANOG;ZIC3;KLF4;PBX1,FOXA1;GATA4;TCF3;PIAS1;SP1;SOX17;OCT4-FOXD3;MYC-SP1;LMCD1;PIASy;MYC;CEBP;OCT4;FOXD3;NFYA;SUMO1;FOXA2;SOX2;PRDM14;Oct4-Sox2;NANOG;ZIC3;KLF4;PBX1,HNF4A;LEF1-bCat;BMP2K;LEF1;GATA3;CDX2;GATA2;SP3;GATA6,0.606060606,0.393939394
P000_000_63,10,0.173935689,0.411363556,7,0.754079478,HNF4A;LEF1-bCat;FOXA1;TCF3;BMP2K;SP1;SOX17;LEF1;OCT4-FOXD3;GATA3;MYC-SP1;PIASy;MYC;CEBP;CDX2;OCT4;GATA2;FOXD3;SP3;NFYA;FOXA2;GATA6,GATA4;PIAS1;LMCD1;SUMO1;SOX2;PRDM14;Oct4-Sox2;NANOG;ZIC3;KLF4;PBX1,OCT4-FOXD3;GATA3;LMCD1;OCT4;FOXD3;NFYA;SUMO1;SOX2;PRDM14;Oct4-Sox2;NANOG;ZIC3;KLF4;PBX1,HNF4A;LEF1-bCat;FOXA1;GATA4;TCF3;PIAS1;BMP2K;SP1;SOX17;LEF1;MYC-SP1;PIASy;MYC;CEBP;CDX2;GATA2;SP3;FOXA2;GATA6,0.787878788,0.212121212
P000_000_64,10,0.186303679,0.36256302,10,0.673812265,HNF4A;LEF1-bCat;FOXA1;GATA4;TCF3;PIAS1;BMP2K;SP1;SOX17;LEF1;OCT4-FOXD3;GATA3;MYC-SP1;PIASy;MYC;CEBP;CDX2;OCT4;GATA2;FOXD3;SP3;NFYA;SUMO1;FOXA2;PRDM14;GATA6,LMCD1;SOX2;Oct4-Sox2;NANOG;ZIC3;KLF4;PBX1,HNF4A;LEF1-bCat;FOXA1;GATA4;TCF3;PIAS1;BMP2K;LEF1;GATA3;PIASy;CEBP;CDX2;GATA2;SP3;FOXA2;GATA6,SP1;SOX17;OCT4-FOXD3;MYC-SP1;LMCD1;MYC;OCT4;FOXD3;NFYA;SUMO1;SOX2;PRDM14;Oct4-Sox2;NANOG;ZIC3;KLF4;PBX1,0.272727273,0.727272727
P000_000_65,10,0.103443122,0.292971598,12,0.553851126,HNF4A;LEF1-bCat;FOXA1;TCF3;BMP2K;SP1;SOX17;LEF1;OCT4-FOXD3;GATA3;MYC-SP1;PIASy;MYC;CEBP;CDX2;OCT4;GATA2;FOXD3;SP3;NFYA;FOXA2;PRDM14;GATA6,GATA4;PIAS1;LMCD1;SUMO1;SOX2;Oct4-Sox2;NANOG;ZIC3;KLF4;PBX1,HNF4A;LEF1-bCat;FOXA1;GATA4;TCF3;PIAS1;BMP2K;SP1;SOX17;LEF1;GATA3;MYC-SP1;PIASy;MYC;CEBP;CDX2;GATA2;SP3;NFYA;FOXA2;SOX2;GATA6,OCT4-FOXD3;LMCD1;OCT4;FOXD3;SUMO1;PRDM14;Oct4-Sox2;NANOG;ZIC3;KLF4;PBX1,0.181818182,0.818181818
P000_000_66,10,0.09173566,0.319242588,11,0.638876058,HNF4A;LEF1-bCat;FOXA1;TCF3;BMP2K;SP1;SOX17;LEF1;OCT4-FOXD3;GATA3;MYC-SP1;PIASy;MYC;CEBP;CDX2;OCT4;GATA2;FOXD3;SP3;NFYA;FOXA2;PRDM14;GATA6,GATA4;PIAS1;LMCD1;SUMO1;SOX2;Oct4-Sox2;NANOG;ZIC3;KLF4;PBX1,SP1;OCT4-FOXD3;GATA3;MYC-SP1;LMCD1;MYC;OCT4;FOXD3;SUMO1;SOX2;PRDM14;NANOG;ZIC3;KLF4;PBX1,HNF4A;LEF1-bCat;FOXA1;GATA4;TCF3;PIAS1;BMP2K;SOX17;LEF1;PIASy;CEBP;CDX2;GATA2;SP3;NFYA;FOXA2;GATA6;Oct4-Sox2,0.666666667,0.333333333
P000_000_67,10,0.037237557,0.294754972,11,0.580743526,HNF4A;LEF1-bCat;FOXA1;TCF3;BMP2K;SP1;SOX17;LEF1;OCT4-FOXD3;GATA3;MYC-SP1;PIASy;MYC;CEBP;OCT4;GATA2;FOXD3;SP3;NFYA;FOXA2;SOX2;GATA6;Oct4-Sox2;NANOG;ZIC3;KLF4;PBX1,GATA4;PIAS1;LMCD1;CDX2;SUMO1;PRDM14,LEF1-bCat;FOXA1;SP1;LEF1;LMCD1;OCT4;FOXD3;NFYA;SUMO1;SOX2;PRDM14;Oct4-Sox2;NANOG;ZIC3;KLF4;PBX1,HNF4A;GATA4;TCF3;PIAS1;BMP2K;SOX17;OCT4-FOXD3;GATA3;MYC-SP1;PIASy;MYC;CEBP;CDX2;GATA2;SP3;FOXA2;GATA6,0.515151515,0.484848485
P000_000_68,10,0.291422335,0.426687181,8.666666667,0.717132774,HNF4A;LEF1-bCat;FOXA1;GATA4;TCF3;PIAS1;BMP2K;SP1;SOX17;LEF1;OCT4-FOXD3;GATA3;MYC-SP1;LMCD1;PIASy;MYC;CEBP;OCT4;GATA2;FOXD3;SP3;NFYA;SUMO1;FOXA2;SOX2;PRDM14;Oct4-Sox2;NANOG;ZIC3;KLF4;PBX1,CDX2;GATA6,GATA4;SP1;OCT4-FOXD3;GATA3;MYC-SP1;LMCD1;MYC;OCT4;FOXD3;NFYA;SUMO1;SOX2;PRDM14;Oct4-Sox2;NANOG;ZIC3;KLF4;PBX1,HNF4A;LEF1-bCat;FOXA1;TCF3;PIAS1;BMP2K;SOX17;LEF1;PIASy;CEBP;CDX2;GATA2;SP3;FOXA2;GATA6,0.393939394,0.606060606
P000_000_69,10,0.093463703,0.369568976,10,0.685600072,HNF4A;LEF1-bCat;FOXA1;TCF3;BMP2K;SP1;SOX17;LEF1;OCT4-FOXD3;GATA3;MYC-SP1;PIASy;MYC;CEBP;CDX2;OCT4;GATA2;FOXD3;SP3;NFYA;FOXA2;GATA6;KLF4,GATA4;PIAS1;LMCD1;SUMO1;SOX2;PRDM14;Oct4-Sox2;NANOG;ZIC3;PBX1,HNF4A;LEF1-bCat;FOXA1;GATA4;TCF3;PIAS1;BMP2K;SP1;SOX17;LEF1;GATA3;MYC-SP1;PIASy;MYC;CEBP;CDX2;GATA2;SUMO1;FOXA2;GATA6,OCT4-FOXD3;LMCD1;OCT4;FOXD3;SP3;NFYA;SOX2;PRDM14;Oct4-Sox2;NANOG;ZIC3;KLF4;PBX1,0.242424242,0.757575758
P000_000_70,10,0.218772793,0.364352171,8.666666667,0.714875776,HNF4A;LEF1-bCat;FOXA1;GATA4;TCF3;PIAS1;BMP2K;SP1;SOX17;LEF1;OCT4-FOXD3;GATA3;MYC-SP1;LMCD1;PIASy;MYC;CEBP;OCT4;GATA2;FOXD3;SP3;NFYA;SUMO1;FOXA2;SOX2;PRDM14;Oct4-Sox2;NANOG;KLF4;PBX1,CDX2;GATA6;ZIC3,HNF4A;LEF1-bCat;TCF3;PIAS1;BMP2K;SOX17;LEF1;GATA3;PIASy;CEBP;CDX2;GATA2;SP3;FOXA2;GATA6;ZIC3;PBX1,FOXA1;GATA4;SP1;OCT4-FOXD3;MYC-SP1;LMCD1;MYC;OCT4;FOXD3;NFYA;SUMO1;SOX2;PRDM14;Oct4-Sox2;NANOG;KLF4,0.575757576,0.424242424
P000_000_71,10,0.098126007,0.330252965,10,0.664184246,HNF4A;LEF1-bCat;FOXA1;TCF3;BMP2K;SP1;SOX17;LEF1;OCT4-FOXD3;GATA3;MYC-SP1;PIASy;MYC;CEBP;CDX2;OCT4;GATA2;FOXD3;SP3;NFYA;FOXA2;GATA6,GATA4;PIAS1;LMCD1;SUMO1;SOX2;PRDM14;Oct4-Sox2;NANOG;ZIC3;KLF4;PBX1,HNF4A;LEF1-bCat;FOXA1;GATA4;TCF3;PIAS1;BMP2K;SP1;SOX17;LEF1;GATA3;MYC-SP1;PIASy;MYC;CEBP;CDX2;GATA2;SP3;FOXA2;GATA6,OCT4-FOXD3;LMCD1;OCT4;FOXD3;NFYA;SUMO1;SOX2;PRDM14;Oct4-Sox2;NANOG;ZIC3;KLF4;PBX1,0.151515152,0.848484848
P000_000_72,10,0.067388634,0.325593358,12,0.597626777,HNF4A;LEF1-bCat;FOXA1;TCF3;BMP2K;SP1;SOX17;LEF1;OCT4-FOXD3;GATA3;MYC-SP1;PIASy;MYC;CEBP;OCT4;GATA2;FOXD3;SP3;NFYA;FOXA2;GATA6,GATA4;PIAS1;LMCD1;CDX2;SUMO1;SOX2;PRDM14;Oct4-Sox2;NANOG;ZIC3;KLF4;PBX1,FOXA1;SP1;OCT4-FOXD3;MYC-SP1;LMCD1;MYC;OCT4;FOXD3;NFYA;SUMO1;FOXA2;SOX2;PRDM14;Oct4-Sox2;NANOG;ZIC3;KLF4;PBX1,HNF4A;LEF1-bCat;GATA4;TCF3;PIAS1;BMP2K;SOX17;LEF1;GATA3;PIASy;CEBP;CDX2;GATA2;SP3;GATA6,0.636363636,0.363636364
P000_000_73,10,0.157034894,0.358434166,8,0.752375971,HNF4A;LEF1-bCat;FOXA1;TCF3;BMP2K;SP1;SOX17;LEF1;OCT4-FOXD3;GATA3;MYC-SP1;PIASy;MYC;CEBP;CDX2;OCT4;GATA2;FOXD3;SP3;NFYA;FOXA2;GATA6,GATA4;PIAS1;LMCD1;SUMO1;SOX2;PRDM14;Oct4-Sox2;NANOG;ZIC3;KLF4;PBX1,FOXA1;SP1;MYC-SP1;LMCD1;MYC;OCT4;FOXD3;NFYA;SUMO1;SOX2;PRDM14;Oct4-Sox2;NANOG;ZIC3;KLF4;PBX1,HNF4A;LEF1-bCat;GATA4;TCF3;PIAS1;BMP2K;SOX17;LEF1;OCT4-FOXD3;GATA3;PIASy;CEBP;CDX2;GATA2;SP3;FOXA2;GATA6,0.727272727,0.272727273
P000_000_74,10,0.057383403,0.404881161,10.33333333,0.706593034,HNF4A;LEF1-bCat;FOXA1;TCF3;BMP2K;SP1;SOX17;LEF1;OCT4-FOXD3;GATA3;MYC-SP1;LMCD1;PIASy;MYC;CEBP;OCT4;GATA2;FOXD3;SP3;NFYA;FOXA2;SOX2;PRDM14;Oct4-Sox2;NANOG;ZIC3;KLF4;PBX1,GATA4;PIAS1;CDX2;SUMO1;GATA6,GATA4;SP1;OCT4-FOXD3;GATA3;MYC-SP1;LMCD1;MYC;OCT4;FOXD3;NFYA;SUMO1;SOX2;PRDM14;Oct4-Sox2;NANOG;ZIC3;KLF4;PBX1,HNF4A;LEF1-bCat;FOXA1;TCF3;PIAS1;BMP2K;SOX17;LEF1;PIASy;CEBP;CDX2;GATA2;SP3;FOXA2;GATA6,0.424242424,0.575757576
P000_000_75,10,0.124467523,0.492039395,7,0.775140605,HNF4A;LEF1-bCat;FOXA1;TCF3;BMP2K;SP1;SOX17;LEF1;OCT4-FOXD3;GATA3;MYC-SP1;PIASy;MYC;CEBP;CDX2;OCT4;GATA2;FOXD3;SP3;NFYA;FOXA2;GATA6,GATA4;PIAS1;LMCD1;SUMO1;SOX2;PRDM14;Oct4-Sox2;NANOG;ZIC3;KLF4;PBX1,LEF1-bCat;FOXA1;GATA4;SP1;LEF1;OCT4-FOXD3;GATA3;MYC-SP1;LMCD1;MYC;OCT4;FOXD3;NFYA;SUMO1;SOX2;PRDM14;Oct4-Sox2;NANOG;ZIC3;KLF4;PBX1,HNF4A;TCF3;PIAS1;BMP2K;SOX17;PIASy;CEBP;CDX2;GATA2;SP3;FOXA2;GATA6,0.636363636,0.363636364
P000_000_76,10,0.221074039,0.378494856,10,0.685486483,HNF4A;LEF1-bCat;FOXA1;GATA4;TCF3;PIAS1;BMP2K;SP1;SOX17;LEF1;OCT4-FOXD3;GATA3;MYC-SP1;LMCD1;PIASy;MYC;CEBP;OCT4;GATA2;FOXD3;SP3;NFYA;SUMO1;FOXA2;SOX2;PRDM14;Oct4-Sox2;NANOG;ZIC3;KLF4;PBX1,CDX2;GATA6,HNF4A;LEF1-bCat;GATA4;TCF3;PIAS1;BMP2K;SOX17;LEF1;GATA3;PIASy;CEBP;CDX2;GATA2;FOXA2;GATA6,FOXA1;SP1;OCT4-FOXD3;MYC-SP1;LMCD1;MYC;OCT4;FOXD3;SP3;NFYA;SUMO1;SOX2;PRDM14;Oct4-Sox2;NANOG;ZIC3;KLF4;PBX1,0.606060606,0.393939394
P000_000_77,10,0.046105217,0.348400102,11,0.652911321,HNF4A;LEF1-bCat;FOXA1;GATA4;TCF3;PIAS1;BMP2K;SP1;SOX17;LEF1;OCT4-FOXD3;GATA3;MYC-SP1;PIASy;MYC;CEBP;OCT4;GATA2;FOXD3;SP3;NFYA;FOXA2;SOX2;PRDM14;Oct4-Sox2;NANOG;KLF4;PBX1,LMCD1;CDX2;SUMO1;GATA6;ZIC3,HNF4A;LEF1-bCat;GATA4;TCF3;PIAS1;BMP2K;SP1;SOX17;LEF1;OCT4-FOXD3;GATA3;MYC-SP1;PIASy;MYC;CEBP;CDX2;OCT4;GATA2;FOXD3;SP3;FOXA2;GATA6,FOXA1;LMCD1;NFYA;SUMO1;SOX2;PRDM14;Oct4-Sox2;NANOG;ZIC3;KLF4;PBX1,0.303030303,0.696969697
P000_000_78,10,0.307735895,0.441352521,8,0.756035865,HNF4A;LEF1-bCat;FOXA1;GATA4;TCF3;PIAS1;BMP2K;SP1;SOX17;LEF1;OCT4-FOXD3;GATA3;MYC-SP1;LMCD1;PIASy;MYC;CEBP;OCT4;GATA2;FOXD3;SP3;NFYA;SUMO1;FOXA2;SOX2;PRDM14;Oct4-Sox2;NANOG;ZIC3;KLF4;PBX1,CDX2;GATA6,FOXA1;GATA4;SP1;OCT4-FOXD3;MYC-SP1;LMCD1;MYC;OCT4;FOXD3;NFYA;SUMO1;SOX2;PRDM14;Oct4-Sox2;NANOG;ZIC3;KLF4;PBX1,HNF4A;LEF1-bCat;TCF3;PIAS1;BMP2K;SOX17;LEF1;GATA3;PIASy;CEBP;CDX2;GATA2;SP3;FOXA2;GATA6,0.393939394,0.606060606
P000_000_79,10,0.08350848,0.432321321,9,0.688952225,HNF4A;LEF1-bCat;FOXA1;TCF3;BMP2K;SP1;SOX17;LEF1;OCT4-FOXD3;GATA3;MYC-SP1;LMCD1;PIASy;MYC;CEBP;CDX2;OCT4;GATA2;FOXD3;SP3;NFYA;FOXA2;GATA6;ZIC3,GATA4;PIAS1;SUMO1;SOX2;PRDM14;Oct4-Sox2;NANOG;KLF4;PBX1,FOXA1;GATA4;TCF3;PIAS1;SP1;OCT4-FOXD3;MYC-SP1;LMCD1;PIASy;MYC;OCT4;FOXD3;NFYA;SUMO1;FOXA2;SOX2;PRDM14;Oct4-Sox2;NANOG;ZIC3;KLF4;PBX1,HNF4A;LEF1-bCat;BMP2K;SOX17;LEF1;GATA3;CEBP;CDX2;GATA2;SP3;GATA6,0.606060606,0.393939394
P000_000_80,10,0.177320544,0.409758139,7,0.762615237,HNF4A;LEF1-bCat;FOXA1;TCF3;BMP2K;SP1;SOX17;LEF1;OCT4-FOXD3;GATA3;MYC-SP1;PIASy;MYC;CEBP;CDX2;OCT4;GATA2;FOXD3;SP3;NFYA;FOXA2;GATA6,GATA4;PIAS1;LMCD1;SUMO1;SOX2;PRDM14;Oct4-Sox2;NANOG;ZIC3;KLF4;PBX1,FOXA1;SP1;OCT4-FOXD3;MYC-SP1;LMCD1;MYC;OCT4;FOXD3;NFYA;SUMO1;SOX2;PRDM14;Oct4-Sox2;NANOG;ZIC3;KLF4;PBX1,HNF4A;LEF1-bCat;GATA4;TCF3;PIAS1;BMP2K;SOX17;LEF1;GATA3;PIASy;CEBP;CDX2;GATA2;SP3;FOXA2;GATA6,0.696969697,0.303030303
P000_000_81,10,0.084790521,0.397896718,9,0.727096956,HNF4A;LEF1-bCat;FOXA1;TCF3;BMP2K;SP1;SOX17;LEF1;OCT4-FOXD3;GATA3;MYC-SP1;PIASy;MYC;CEBP;OCT4;GATA2;FOXD3;SP3;NFYA;FOXA2;SOX2;GATA6;Oct4-Sox2;NANOG;ZIC3;KLF4;PBX1,GATA4;PIAS1;LMCD1;CDX2;SUMO1;PRDM14,FOXA1;SP1;OCT4-FOXD3;MYC-SP1;LMCD1;MYC;OCT4;FOXD3;SP3;NFYA;SOX2;PRDM14;Oct4-Sox2;NANOG;ZIC3;KLF4;PBX1,HNF4A;LEF1-bCat;GATA4;TCF3;PIAS1;BMP2K;SOX17;LEF1;GATA3;PIASy;CEBP;CDX2;GATA2;SUMO1;FOXA2;GATA6,0.424242424,0.575757576
P000_000_82,10,0.169521805,0.392260559,9,0.723269344,HNF4A;LEF1-bCat;FOXA1;TCF3;PIAS1;BMP2K;SP1;SOX17;LEF1;OCT4-FOXD3;GATA3;MYC-SP1;PIASy;MYC;CEBP;CDX2;OCT4;GATA2;FOXD3;SP3;NFYA;FOXA2;GATA6,GATA4;LMCD1;SUMO1;SOX2;PRDM14;Oct4-Sox2;NANOG;ZIC3;KLF4;PBX1,FOXA1;SP1;OCT4-FOXD3;MYC-SP1;LMCD1;MYC;CDX2;OCT4;FOXD3;NFYA;SUMO1;SOX2;PRDM14;Oct4-Sox2;NANOG;ZIC3;KLF4;PBX1,HNF4A;LEF1-bCat;GATA4;TCF3;PIAS1;BMP2K;SOX17;LEF1;GATA3;PIASy;CEBP;GATA2;SP3;FOXA2;GATA6,0.696969697,0.303030303
P000_000_83,10,0.149477063,0.398652472,9,0.745871057,HNF4A;LEF1-bCat;FOXA1;TCF3;BMP2K;SP1;SOX17;LEF1;OCT4-FOXD3;GATA3;MYC-SP1;PIASy;MYC;CEBP;CDX2;OCT4;GATA2;FOXD3;SP3;NFYA;FOXA2;GATA6,GATA4;PIAS1;LMCD1;SUMO1;SOX2;PRDM14;Oct4-Sox2;NANOG;ZIC3;KLF4;PBX1,LEF1-bCat;FOXA1;GATA4;SP1;LEF1;OCT4-FOXD3;MYC-SP1;LMCD1;MYC;OCT4;FOXD3;NFYA;SUMO1;SOX2;PRDM14;Oct4-Sox2;NANOG;ZIC3;KLF4;PBX1,HNF4A;TCF3;PIAS1;BMP2K;SOX17;GATA3;PIASy;CEBP;CDX2;GATA2;SP3;FOXA2;GATA6,0.666666667,0.333333333
P000_000_84,10,0.113188488,0.349985488,11,0.606632244,HNF4A;LEF1-bCat;FOXA1;TCF3;BMP2K;SP1;SOX17;LEF1;OCT4-FOXD3;GATA3;MYC-SP1;PIASy;MYC;CEBP;CDX2;OCT4;GATA2;FOXD3;SP3;NFYA;FOXA2;GATA6,GATA4;PIAS1;LMCD1;SUMO1;SOX2;PRDM14;Oct4-Sox2;NANOG;ZIC3;KLF4;PBX1,FOXA1;GATA4;TCF3;PIAS1;SP1;OCT4-FOXD3;MYC-SP1;LMCD1;PIASy;MYC;CEBP;OCT4;FOXD3;NFYA;SUMO1;FOXA2;SOX2;PRDM14;Oct4-Sox2;NANOG;ZIC3;KLF4;PBX1,HNF4A;LEF1-bCat;BMP2K;SOX17;LEF1;GATA3;CDX2;GATA2;SP3;GATA6,0.636363636,0.363636364
P000_000_85,10,0.12237828,0.367884664,12,0.605249963,HNF4A;LEF1-bCat;FOXA1;GATA4;TCF3;PIAS1;BMP2K;SP1;SOX17;LEF1;OCT4-FOXD3;GATA3;MYC-SP1;LMCD1;PIASy;MYC;CEBP;CDX2;OCT4;GATA2;FOXD3;SP3;NFYA;SUMO1;FOXA2;PRDM14;ZIC3,SOX2;GATA6;Oct4-Sox2;NANOG;KLF4;PBX1,HNF4A;LEF1-bCat;FOXA1;GATA4;TCF3;PIAS1;BMP2K;SP1;SOX17;LEF1;MYC-SP1;PIASy;MYC;CEBP;CDX2;GATA2;SP3;SUMO1;FOXA2;GATA6,OCT4-FOXD3;GATA3;LMCD1;OCT4;FOXD3;NFYA;SOX2;PRDM14;Oct4-Sox2;NANOG;ZIC3;KLF4;PBX1,0.242424242,0.757575758
P000_000_86,10,0.206262709,0.411015467,8,0.734997517,HNF4A;LEF1-bCat;FOXA1;GATA4;TCF3;PIAS1;BMP2K;SP1;SOX17;LEF1;OCT4-FOXD3;GATA3;MYC-SP1;PIASy;MYC;CEBP;CDX2;OCT4;GATA2;FOXD3;SP3;NFYA;SUMO1;FOXA2;GATA6,LMCD1;SOX2;PRDM14;Oct4-Sox2;NANOG;ZIC3;KLF4;PBX1,FOXA1;SP1;LEF1;OCT4-FOXD3;MYC-SP1;LMCD1;MYC;OCT4;FOXD3;NFYA;SUMO1;SOX2;PRDM14;Oct4-Sox2;NANOG;ZIC3;KLF4;PBX1,HNF4A;LEF1-bCat;GATA4;TCF3;PIAS1;BMP2K;SOX17;GATA3;PIASy;CEBP;CDX2;GATA2;SP3;FOXA2;GATA6,0.696969697,0.303030303
P000_000_87,10,0.159038459,0.396875394,9,0.660549733,HNF4A;LEF1-bCat;FOXA1;GATA4;TCF3;PIAS1;BMP2K;SP1;SOX17;LEF1;OCT4-FOXD3;GATA3;MYC-SP1;PIASy;MYC;CEBP;OCT4;GATA2;FOXD3;SP3;NFYA;SUMO1;FOXA2;GATA6,LMCD1;CDX2;SOX2;PRDM14;Oct4-Sox2;NANOG;ZIC3;KLF4;PBX1,HNF4A;LEF1-bCat;GATA4;TCF3;PIAS1;BMP2K;SOX17;LEF1;GATA3;PIASy;CDX2;GATA2;SP3;GATA6,FOXA1;SP1;OCT4-FOXD3;MYC-SP1;LMCD1;MYC;CEBP;OCT4;FOXD3;NFYA;SUMO1;FOXA2;SOX2;PRDM14;Oct4-Sox2;NANOG;ZIC3;KLF4;PBX1,0.333333333,0.666666667
P000_000_88,10,0.07490489,0.405720155,9,0.708461011,HNF4A;LEF1-bCat;FOXA1;TCF3;BMP2K;SP1;SOX17;LEF1;OCT4-FOXD3;GATA3;MYC-SP1;LMCD1;PIASy;MYC;CEBP;CDX2;OCT4;GATA2;FOXD3;SP3;NFYA;FOXA2;PRDM14,GATA4;PIAS1;SUMO1;SOX2;GATA6;Oct4-Sox2;NANOG;ZIC3;KLF4;PBX1,FOXA1;SP1;OCT4-FOXD3;MYC-SP1;LMCD1;MYC;OCT4;FOXD3;NFYA;SUMO1;SOX2;PRDM14;Oct4-Sox2;NANOG;ZIC3;KLF4;PBX1,HNF4A;LEF1-bCat;GATA4;TCF3;PIAS1;BMP2K;SOX17;LEF1;GATA3;PIASy;CEBP;CDX2;GATA2;SP3;FOXA2;GATA6,0.606060606,0.393939394
P000_000_89,10,0.119958392,0.305844727,10,0.673192776,HNF4A;LEF1-bCat;FOXA1;TCF3;BMP2K;SP1;SOX17;LEF1;OCT4-FOXD3;GATA3;MYC-SP1;LMCD1;PIASy;MYC;CEBP;CDX2;OCT4;GATA2;FOXD3;SP3;NFYA;FOXA2;GATA6,GATA4;PIAS1;SUMO1;SOX2;PRDM14;Oct4-Sox2;NANOG;ZIC3;KLF4;PBX1,SP1;OCT4-FOXD3;MYC-SP1;LMCD1;MYC;OCT4;GATA2;FOXD3;NFYA;SUMO1;SOX2;PRDM14;Oct4-Sox2;NANOG;ZIC3;KLF4;PBX1,HNF4A;LEF1-bCat;FOXA1;GATA4;TCF3;PIAS1;BMP2K;SOX17;LEF1;GATA3;PIASy;CEBP;CDX2;SP3;FOXA2;GATA6,0.666666667,0.333333333
P000_000_90,10,0.096641261,0.368423849,9,0.677684203,HNF4A;LEF1-bCat;FOXA1;TCF3;BMP2K;SP1;SOX17;LEF1;OCT4-FOXD3;GATA3;MYC-SP1;PIASy;MYC;CEBP;CDX2;OCT4;GATA2;FOXD3;SP3;NFYA;FOXA2;GATA6,GATA4;PIAS1;LMCD1;SUMO1;SOX2;PRDM14;Oct4-Sox2;NANOG;ZIC3;KLF4;PBX1,HNF4A;LEF1-bCat;FOXA1;GATA4;TCF3;PIAS1;BMP2K;SP1;SOX17;LEF1;GATA3;PIASy;CEBP;CDX2;GATA2;SP3;FOXA2;GATA6,OCT4-FOXD3;MYC-SP1;LMCD1;MYC;OCT4;FOXD3;NFYA;SUMO1;SOX2;PRDM14;Oct4-Sox2;NANOG;ZIC3;KLF4;PBX1,0.212121212,0.787878788
P000_000_91,10,0.262111137,0.38535429,10,0.669120772,HNF4A;LEF1-bCat;FOXA1;GATA4;TCF3;PIAS1;BMP2K;SP1;SOX17;LEF1;OCT4-FOXD3;GATA3;MYC-SP1;LMCD1;PIASy;MYC;CEBP;OCT4;GATA2;FOXD3;SP3;NFYA;SUMO1;FOXA2;SOX2;PRDM14;Oct4-Sox2;NANOG;ZIC3;KLF4;PBX1,CDX2;GATA6,HNF4A;LEF1-bCat;GATA4;TCF3;PIAS1;BMP2K;SP1;SOX17;LEF1;GATA3;MYC-SP1;PIASy;MYC;CEBP;CDX2;GATA2;FOXA2;GATA6,FOXA1;OCT4-FOXD3;LMCD1;OCT4;FOXD3;SP3;NFYA;SUMO1;SOX2;PRDM14;Oct4-Sox2;NANOG;ZIC3;KLF4;PBX1,0.515151515,0.484848485
P000_000_92,10,0.102662209,0.245291854,12,0.512916886,HNF4A;LEF1-bCat;FOXA1;GATA4;TCF3;PIAS1;BMP2K;SP1;SOX17;LEF1;OCT4-FOXD3;GATA3;MYC-SP1;LMCD1;PIASy;MYC;CEBP;CDX2;OCT4;GATA2;FOXD3;SP3;NFYA;SUMO1;FOXA2;GATA6,SOX2;PRDM14;Oct4-Sox2;NANOG;ZIC3;KLF4;PBX1,FOXA1;SP1;OCT4-FOXD3;MYC-SP1;LMCD1;MYC;OCT4;FOXD3;NFYA;SUMO1;SOX2;PRDM14;Oct4-Sox2;NANOG;ZIC3;PBX1,HNF4A;LEF1-bCat;GATA4;TCF3;PIAS1;BMP2K;SOX17;LEF1;GATA3;PIASy;CEBP;CDX2;GATA2;SP3;FOXA2;GATA6;KLF4,0.666666667,0.333333333
P000_000_93,10,0.117595279,0.405284527,10,0.694854114,HNF4A;LEF1-bCat;FOXA1;TCF3;BMP2K;SP1;SOX17;LEF1;OCT4-FOXD3;GATA3;MYC-SP1;PIASy;MYC;CEBP;CDX2;OCT4;GATA2;FOXD3;SP3;NFYA;FOXA2;GATA6,GATA4;PIAS1;LMCD1;SUMO1;SOX2;PRDM14;Oct4-Sox2;NANOG;ZIC3;KLF4;PBX1,FOXA1;SP1;OCT4-FOXD3;GATA3;MYC-SP1;LMCD1;MYC;OCT4;FOXD3;NFYA;SUMO1;FOXA2;SOX2;PRDM14;Oct4-Sox2;NANOG;ZIC3;KLF4;PBX1,HNF4A;LEF1-bCat;GATA4;TCF3;PIAS1;BMP2K;SOX17;LEF1;PIASy;CEBP;CDX2;GATA2;SP3;GATA6,0.636363636,0.363636364
P000_000_94,10,0.065109411,0.306991249,13,0.566821102,HNF4A;LEF1-bCat;FOXA1;TCF3;BMP2K;SP1;SOX17;LEF1;OCT4-FOXD3;GATA3;MYC-SP1;PIASy;MYC;CEBP;CDX2;OCT4;GATA2;FOXD3;SP3;NFYA;FOXA2;PRDM14;GATA6,GATA4;PIAS1;LMCD1;SUMO1;SOX2;Oct4-Sox2;NANOG;ZIC3;KLF4;PBX1,HNF4A;FOXA1;GATA4;TCF3;PIAS1;BMP2K;SP1;SOX17;LEF1;GATA3;PIASy;CEBP;CDX2;NFYA;FOXA2;SOX2;GATA6,LEF1-bCat;OCT4-FOXD3;MYC-SP1;LMCD1;MYC;OCT4;GATA2;FOXD3;SP3;SUMO1;PRDM14;Oct4-Sox2;NANOG;ZIC3;KLF4;PBX1,0.333333333,0.666666667
P000_000_95,10,0.188593038,0.443476207,7,0.757065042,HNF4A;LEF1-bCat;FOXA1;TCF3;BMP2K;SP1;SOX17;LEF1;OCT4-FOXD3;GATA3;MYC-SP1;PIASy;MYC;CEBP;CDX2;OCT4;GATA2;FOXD3;SP3;NFYA;FOXA2;GATA6,GATA4;PIAS1;LMCD1;SUMO1;SOX2;PRDM14;Oct4-Sox2;NANOG;ZIC3;KLF4;PBX1,HNF4A;LEF1-bCat;GATA4;TCF3;PIAS1;BMP2K;SOX17;LEF1;GATA3;PIASy;CEBP;CDX2;GATA2;SP3;FOXA2;GATA6,FOXA1;SP1;OCT4-FOXD3;MYC-SP1;LMCD1;MYC;OCT4;FOXD3;NFYA;SUMO1;SOX2;PRDM14;Oct4-Sox2;NANOG;ZIC3;KLF4;PBX1,0.272727273,0.727272727
P000_000_96,10,0.158127462,0.315355092,8,0.733460602,HNF4A;LEF1-bCat;FOXA1;TCF3;BMP2K;SP1;SOX17;LEF1;OCT4-FOXD3;GATA3;MYC-SP1;PIASy;MYC;CEBP;CDX2;OCT4;GATA2;FOXD3;SP3;NFYA;FOXA2;GATA6,GATA4;PIAS1;LMCD1;SUMO1;SOX2;PRDM14;Oct4-Sox2;NANOG;ZIC3;KLF4;PBX1,HNF4A;LEF1-bCat;FOXA1;GATA4;TCF3;PIAS1;BMP2K;SP1;SOX17;LEF1;GATA3;MYC-SP1;PIASy;MYC;CEBP;CDX2;GATA2;FOXA2;GATA6,OCT4-FOXD3;LMCD1;OCT4;FOXD3;SP3;NFYA;SUMO1;SOX2;PRDM14;Oct4-Sox2;NANOG;ZIC3;KLF4;PBX1,0.181818182,0.818181818
P000_000_97,10,0.21767212,0.422234114,8,0.738498975,HNF4A;LEF1-bCat;FOXA1;TCF3;PIAS1;BMP2K;SP1;SOX17;LEF1;OCT4-FOXD3;GATA3;MYC-SP1;PIASy;MYC;CEBP;CDX2;OCT4;GATA2;FOXD3;SP3;NFYA;FOXA2;GATA6,GATA4;LMCD1;SUMO1;SOX2;PRDM14;Oct4-Sox2;NANOG;ZIC3;KLF4;PBX1,FOXA1;GATA4;SP1;OCT4-FOXD3;MYC-SP1;LMCD1;MYC;OCT4;FOXD3;NFYA;SUMO1;SOX2;PRDM14;Oct4-Sox2;NANOG;ZIC3;KLF4;PBX1,HNF4A;LEF1-bCat;TCF3;PIAS1;BMP2K;SOX17;LEF1;GATA3;PIASy;CEBP;CDX2;GATA2;SP3;FOXA2;GATA6,0.757575758,0.242424242
P000_000_98,10,0.163695095,0.395346941,8,0.709432162,HNF4A;LEF1-bCat;FOXA1;TCF3;BMP2K;SP1;SOX17;LEF1;OCT4-FOXD3;GATA3;MYC-SP1;PIASy;MYC;CEBP;CDX2;OCT4;GATA2;FOXD3;SP3;NFYA;FOXA2;GATA6,GATA4;PIAS1;LMCD1;SUMO1;SOX2;PRDM14;Oct4-Sox2;NANOG;ZIC3;KLF4;PBX1,OCT4-FOXD3;GATA3;LMCD1;OCT4;FOXD3;NFYA;SUMO1;SOX2;PRDM14;Oct4-Sox2;NANOG;ZIC3;KLF4;PBX1,HNF4A;LEF1-bCat;FOXA1;GATA4;TCF3;PIAS1;BMP2K;SP1;SOX17;LEF1;MYC-SP1;PIASy;MYC;CEBP;CDX2;GATA2;SP3;FOXA2;GATA6,0.787878788,0.212121212
P000_000_99,10,0.071959391,0.27740026,11,0.570321582,HNF4A;LEF1-bCat;FOXA1;GATA4;TCF3;PIAS1;BMP2K;SP1;SOX17;LEF1;GATA3;MYC-SP1;LMCD1;PIASy;MYC;CEBP;OCT4;GATA2;FOXD3;SP3;NFYA;SUMO1;FOXA2;SOX2;PRDM14;Oct4-Sox2;NANOG;ZIC3;KLF4;PBX1,OCT4-FOXD3;CDX2;GATA6,FOXA1;SOX17;OCT4-FOXD3;LMCD1;MYC;OCT4;FOXD3;NFYA;SUMO1;FOXA2;SOX2;PRDM14;Oct4-Sox2;NANOG;ZIC3;KLF4;PBX1,HNF4A;LEF1-bCat;GATA4;TCF3;PIAS1;BMP2K;SP1;LEF1;GATA3;MYC-SP1;PIASy;CEBP;CDX2;GATA2;SP3;GATA6,0.454545455,0.545454545
P000_000_100,10,0.349734651,0.346907663,4,0.806927399,HNF4A;LEF1-bCat;FOXA1;TCF3;BMP2K;SP1;SOX17;LEF1;OCT4-FOXD3;GATA3;MYC-SP1;PIASy;MYC;CEBP;OCT4;GATA2;FOXD3;SP3;NFYA;FOXA2,GATA4;PIAS1;LMCD1;CDX2;SUMO1;SOX2;PRDM14;GATA6;Oct4-Sox2;NANOG;ZIC3;KLF4;PBX1,HNF4A;LEF1-bCat;FOXA1;GATA4;SOX17;LEF1;OCT4-FOXD3;GATA3;LMCD1;MYC;CDX2;OCT4;GATA2;FOXD3;NFYA;SUMO1;FOXA2;SOX2;PRDM14;GATA6;Oct4-Sox2;NANOG;ZIC3;KLF4;PBX1,TCF3;PIAS1;BMP2K;SP1;MYC-SP1;PIASy;CEBP;SP3,0.575757576,0.424242424
